a handful of,a﻿_ h_ o_,小撮；一把,,
a setback to,a_ s_ t_,挫折；障礙,,
a wealth of,a_ w_ o_,大量,,
abandon,a_n,放棄;拋棄,,
abbreviate,a_e,縮寫;節略,,
abnormally,a_y,反常地;異常地,,
abolish,a_h,取消;廢除,,
abolished,a_d,廢止的,,
abound in,a_ i_,充滿;盛滿,,
abroad,a_d,在國外;到國外,,
abrupt,a_t,突然的;意外的,,
abruptly,a_y,突然地;意外地,,
abstract,a_t,摘要;概括,,
abundance,a_e,大量,,
abundant,a_t,豐富的 ; 充裕的,,
abundantly,a_y,充裕地 ;大量地,,
accelerate,a_e,加速；加大,,
accept,a_t,接受 ; 認可,,
access,a_s,進入 ; 接近,,
accessible,a_e,易得到的 ; 易接近的,,
acclaim,a_m,歡呼 ; 喝采   ,,
acclaim,a_m,承認 ; 公認,,
accommodate,a_e,容納 ; 運營,,
accommodation,a_n,招待設備 ; 膳宿供應,,
accompany,a_y,伴隨 ; 陪同,,
in accord with,i_ a_ w_,與..一致,,
accordingly,a_y,因此,,
account,a_t,報告,,
account for,a_ f_,解釋 ; 說明,,
account for,a_ f_,構成 ; 解釋 (要看上下文),,
accretion,a_n,增加 ; 累積,,
accumulate,a_e,累積；積聚,,
accumulation,a_n,累積,,
accurate,a_e,精確的 ; 準確的,,
be accustomed to,b_ a_ t_,習慣於,,
achievement,a_t,成就 ; 成績,,
acknowledge,a_e,認知 ; 認可,,
acquaint with,a_ w_,了解 ; 認識,,
acquire,a_e,獲得 ; 取得,,
actively,a_y,積極地 ; 主動地,,
actually,a_y,實際上 ; 事實上,,
acute,a_e,尖銳的,,
adapt,a_t,變化 ; 適應,,
adaptation,a_n,改變 ; 變化,,
address,a_s,演說 ; 致辭,,
adept,a_t,熟練的,,
adequate,a_e,充分的 ; 足夠的,,
adhere,a_e,黏附；膠著,,
adjacent,a_t,鄰近的 ; 毗鄰的,,
adjoining,a_g,毗鄰的 ; 鄰近的,,
administered,a_d,管理,,
admire,a_e,羨慕 ; 欽佩,,
adopt,a_t,採用 ; 正式透過,,
adorn,a_n,裝飾,,
adornment,a_t,裝飾 ; 裝飾品,,
adult,a_t,成熟的 ; 成年的,,
advantage,a_e,有利,,
advantageous,a_s,有利的；有益的,,
advent,a_t,出現 ; 到來,,
adverse,a_e,有害的 ; 負面的,,
adversely,a_y,不利地；有害地,,
advocate,a_e,倡導者；辯護者,,
advocate,a_e,提倡 ; 倡議,,
aesthetically,a_y,審美地；美學地,,
affect,a_t,影響,,
affection,a_n,慈愛 ; 鐘愛,,
affectionately,a_y,充滿深情地 ; 親切地,,
affliction,a_n,折磨 ; 苦惱,,
affluence,a_e,富裕 ; 豐富,,
affluent,a_t,富裕的,,
afford,a_d,提供,,
affordable,a_e,負擔得起的,,
aggressive,a_e,好鬥的,,
agrarian,a_n,農業的 ; 耕地的,,
aggregation,a_n,群聚,,
ahead of,a_ o_,在…之前;在…前面,,
aid,a_d,幫助 ; 援助,,
aided,a_d,幫助,,
aim,a_m,目標 ; 目的,,
akin to,a_ t_,近似的,,
alarm,a_m,驚恐 ; 警覺,,
alert,a_t,機敏的,,
alliance,a_e,結盟,,
allegedly,a_y,所謂地,,
allegiance,a_e,忠誠 ; 忠心,,
alliance,a_e,聯盟 ; 同盟,,
allocate,a_e,分派 ; 配給,,
allude to,a_ t_,暗示 ; 提到,,
almost,a_t,幾乎 ; 差不多,,
alongside,a_e,傍靠 ; 緊靠,,
alter,a_r,改變 ; 變化 ; 調整,,
alteration,a_n,翻新 ; 整修,,
alternately,a_y,輪流地;交替地,,
alternative,a_e,替代；替代物,,
altitude,a_e,海拔 ; 高度,,
altogether,a_r,完全地,,
amass,a_s,累積,,
ambiguous,a_s,模糊的,,
ambition,a_n,野心 ; 抱負 ; 目標,,
ambitious,a_s,有野心的 ; 有抱負的,,
ambivalence,a_e,矛盾心理 ; 猶豫不決,,
amenity,a_y,舒適 ; 安逸,,
ample,a_e,充足的,,
an impetus to,a_ i_ t_,刺激；推展,,
analogy,a_y,類似 ; 比擬,,
ancestor,a_r,祖先 ; 祖宗,,
anchor,a_r,弄牢 ; 固定,,
ancient,a_t,古老的 ; 古代的,,
annihilate,a_e,消滅；征服,,
annoying,a_g,惱人的 ; 討厭的,,
annual,a_l,每年的 ; 年度的,,
anonymous,a_s,無名的 ; 匿名的,,
antecedent,a_t,先輩,,
anticipate,a_e,期待；盼望,,
antique,a_e,古式的 ; 舊式的,,
anxious,a_s,渴望的 ; 焦慮的,,
apparent,a_t,明顯的,,
apparently,a_y,似乎 ; 好像,,
appeal,a_l,吸引力,,
appealing,a_g,有感染力的 ; 吸引人的,,
appear,a_r,似乎;好像,,
applaud,a_d,鼓掌 ; 喝采,,
appoint,a_t,選派 ; 任命,,
appreciably,a_y,明顯地 ; 相當地,,
appreciate,a_e,鑑賞 ; 賞識,,
appreciation,a_n,鑑賞；鑑別,,
approach,a_h,靠近 ; 接近,,
appropriate,a_e,適當的 ; 適宜的,,
approximate,a_e,估計 ,,
approximately,a_y,近似 ; 大約,,
apt,a_t,貼切的 ; 恰當的,,
aptly,a_y,適當地,,
aquatic,a_c,水生的,,
arable,a_e,可耕種的,,
arbitrarily,a_y,任意地 ; 專橫地,,
ardent,a_t,熱心的 ; 熱情的,,
arid,a_d,乾旱的 ; 乾枯的,,
aromatic,a_c,芳香的 ; 芬芳的,,
arouse,a_e,喚起 ; 激發,,
arrange,a_e,安排 ; 整理,,
an array of,a_ a_ o_,一系列的,,
article,a_e,物品；物體,,
artifact,a_t,文物,,
artificial,a_l,人工的 ; 合成的,,
as a result of,a_ a_ r_ o_,由於；因為,,
as well as,a_ w_ a_,也；又,,
ascend,a_d,攀升；升高,,
ascertain,a_n,查明 ; 確定,,
aspiration,a_n,志氣；抱負,,
assemble,a_e,裝配；組合,,
assembly,a_y,集合；集會,,
assert,a_t,宣稱；斷言,,
assess,a_s,評估,,
asset,a_t,優點；長處,,
assimilate,a_e,同化 ; 吸收,,
assist,a_t,幫助；援助,,
associate,a_e,聯合；聯繫,,
assortment,a_t,形形色色；各式各樣,,
assume,a_e,採取(態度) ; 負起(責任),,
assumption,a_n,設想；假定,,
astonishing,a_g,驚人的；震驚的,,
astonishment,a_t,驚奇 ; 驚愕,,
at once,a_ o_,立即；馬上,,
atmosphere,a_e,大氣；空氣,,
attach,a_h,依附；黏結,,
attachment,a_t,依戀；偏好,,
attain,a_n,達到,,
attempt,a_t,v. 嘗試　n. 努力,,
attend,a_d,出席；參加,,
attractive,a_e,吸引人的；有感染力的,,
attribute,a_e,品性 ; 屬性,,
attribute to,a_ t_,被認為；被鑑定為　,,
austere,a_e,嚴格的 ; 嚴厲的,,
authentically,a_y,真正地；地道地,,
authorities,a_s,專家 ; 權威人士,,
authorize,a_e,授權；批准,,
automatically,a_y,自動地；無意識地,,
autonomous,a_s,獨立的；自主的,,
autonomy,a_y,自治；自主,,
available,a_e,可得到的；可利用的,,
avert,a_t,擋開；防止,,
avid,a_d,渴望的；熱心的,,
award,a_d,授予；給予,,
awe,a_e,敬畏；畏懼,,
awesome,a_e,令人敬畏的；令人驚奇的,,
baffle,b_e,迷惑；困惑,,
balance,b_e,平衡；均衡,,
ban,b_n,禁止；阻止,,
band,b_d,n.條紋、帶；v.聯合；結合,,
bar,b_r,攔阻；禁止,,
barren,b_n,貧瘠的；不毛的,,
barrier to,b_ t_,障礙；妨礙,,
barter,b_r,易貨貿易；以物易物,,
basically,b_y,基本地；主要地,,
battle,b_e,v./n.戰鬥；鬥爭,,
be fond of,b_ f_ o_,喜愛；愛好,,
be preoccupied with,b_ p_ w_,出神的；全神貫注的,,
beam,b_m,光束；光線,,
bear,b_r,承擔；支撐,,
begin,b_n,開始；著手,,
behavior,b_r,行為；舉止,,
behind,b_d,在．．．後面,,
behold,b_d,觀看；注視,,
belong to,b_ t_,屬於；附屬,,
beneath,b_h,在．．下方；在．．之下,,
beneficial,b_l,有利的；有益的,,
besides,b_s,除此之外,,
better,b_r,改善；促進,,
beverage,b_e,飲料,,
beyond,b_d,在．．．之外,,
bias,b_s,偏見；嗜好,,
bind,b_d,捆；綁；使結合,,
biography,b_y,傳記,,
biological,b_l,生物的；活的,,
bizarrely,b_y,異乎尋常地；希奇古怪地,,
bleach,b_h,漂白；晒白,,
bleak,b_k,淒涼的；慘淡的,,
blend,b_d,混合；融合,,
blunder,b_r,錯誤；大錯,,
blunt,b_t,不鋒利的；鈍的,,
blurred,b_d,模糊的；(v.弄糊塗　blur ）,,
boast,b_t,誇口；自恃,,
boldly,b_y,大膽地；勇敢地,,
bombard,b_d,撞擊,,
bond,b_d,結合物；黏結劑,,
boost,b_t,提升；提升,,
bothersome,b_e,麻煩的；討厭的,,
bottom,b_m,底部；底,,
bound,b_d,範圍；界限,,
bound,b_d,限制,,
boundary,b_y,邊界；分界線,,
branch,b_h,部門；分支,,
brave,b_e,勇敢的；英勇的,,
break,b_k,決裂；破裂,,
break apart,b_ a_,分裂 ; 分離,,
break up,b_ u_,分裂；破碎,,
breathtaking,b_g,動人的；驚險的,,
breakthrough,b_h,突破,,
breed,b_d,繁殖,,
brevity,b_y,簡潔；精練,,
brew,b_w,蘊釀brief,b_f,短暫的；短期的
brightness,b_s,光亮；明亮,,
brilliantly,b_y,鮮明地；明亮地,,
bring about,b_ a_,造成；帶來,,
briskly,b_y,輕快地,,
brittle,b_e,易碎的；脆弱的,,
broad,b_d,寬的；闊的；廣泛的；概括的,,
broaden,b_n,加寬；拓寬,,
broadly,b_y,廣義地；概括地,,
bulk,b_k,大部分；大多數,,
burdensome,b_e,困難的,,
burgeoning,b_g,萌芽的,,
bury,b_y,埋葬；埋藏,,
bustling,b_g,擾攘的,,
by and large,b_ a_ l_,整體來看；一般說來,,
by chance,b_ c_,意外地；突然地,,
by-product,b_t,副產品；派生物,,
calculate,c_e,計算；確定,,
caliber,c_r,才能；品性,,
calmly,c_y,平靜地；沈著地,,
camouflage,c_e,掩飾；隱瞞,,
capacity,c_y,能力；接受力,,
caption,c_n,標題；解說詞,,
capture,c_e,捕捉；捕獲,,
care,c_e,照管；管理,,
carnivore,c_e,肉食性動物,,
carnivorous,c_s,肉食性的,,
carry,c_y,支撐；支援,,
carve,c_e,切割,,
cast,c_t,投射；投影,,
catastrophe,c_e,大災難；大變動,,
catastrophic,c_c,災難性的,,
categorize,c_e,歸類；分類,,
category,c_y,類別；範疇,,
caution,c_n,警告；告戒,,
cease,c_e,停止；結束,,
celebrate,c_e,讚美；歌頌,,
celebrated,c_d,著名的；馳名的,,
celestial,c_l,天空的；天上的,,
cement,c_t,黏結；膠合,,
census,c_s,人口普查,,
chancy,c_y,危險的 ; 靠不住的,,
character,c_r,品性；性格,,
characteristic,c_c,特徵；特色,,
characteristic,c_c,特有的；獨特的,,
characteristically,c_y,獨有地；獨特地,,
charge,c_e,襲擊；攻擊,,
cheap,c_p,便宜的；廉價的,,
check,c_k,抑制；制止,,
chief,c_f,主要的,,
chiefly,c_y,主要地；尤其,,
chill,c_l,冷凍；冷卻,,
chisel,c_l,鑿 ; 雕琢,,
chronically,c_y,長期地；經常地,,
chronicle,c_e,記述,,
chronologically,c_y,按時間順序,,
chronology,c_y,大事年表,,
circumstances,c_s,條件,,
cite,c_e,引證；引用,,
clamor for,c_ f_,喧鬧；叫嚷,,
clasp,c_p,緊握；抓住,,
classic,c_c,典型的,,
classify,c_y,分類,,
climate,c_e,氣候,,
cling to,c_ t_,黏著；纏住,,
clog,c_g,阻塞；填塞,,
clue,c_e,線索；訊息,,
cluster,c_r,成群,,
coalition,c_n,聯盟；聯合,,
coarse,c_e,粗糙的,,
coat,c_t,皮毛,,
coherent,c_t,有邏輯的；一致的,,
coin,c_n,創造；杜撰,,
coincide with,c_ w_,巧合；一致,,
collaborate,c_e,協作；合作,,
collaborative,c_e,合作的；社區的,,
collapse,c_e,崩潰,,
collate,c_e,仔細收集參照,,
colleague,c_e,同事；同僚,,
collective,c_e,集體,,
collectively,c_y,共同地,,
collide with,c_ w_,衝撞；撞擊,,
collision,c_n,碰撞；撞擊,,
colloquial,c_l,會話的；口語的,,
colonize,c_e,殖民；定居,,
colony,c_y,集群；群體 ; 殖民地,,
colossal,c_l,巨大的,,
combine,c_e,結合；兼有,,
combust,c_t,燃燒,,
come up with,c_ u_ w_,提出；產生,,
comic,c_c,滑稽的；好笑的,,
command,c_d,掌握；控制,,
commanding,c_g, 威嚴的；堅強的,,
commensurate with,c_ w_,相當的；相稱的,,
comment,c_t,評論；評注,,
commercial,c_l,商業的；商務的,,
commodity,c_y,商品；日用品,,
commonly,c_y,通常地；經常地,,
commonplace,c_e,平凡的；普通的,,
compact,c_t,壓縮；壓實,,
comparable,c_e,可比的；相當的,,
comparably,c_y,可比地；相當地,,
comparative,c_e,相對的,,
compatible,c_e,相容的,,
compel,c_l,強製；強迫,,
compelled,c_d,強制的,,
compelling,c_g,令人嘆為觀止的；強迫的,,
compensate,c_e,賠償；補償,,
competent,c_t,有能力的；能勝任的,,
competently,c_y,熟練地；內行地,,
competition,c_n,競爭；比賽,,
compile,c_e,搜集；彙編,,
complacency,c_y,自滿,,
completely,c_y,完全地；十足地,,
complex,c_x,複雜的；綜合的,,
comply with,c_ w_,遵守；服從,,
component,c_t,成分；部分,,
compose,c_e,創作；作曲,,
composition,c_n,構成；組成,,
compound,c_d,附加,,
comprehensible,c_e,能理解的,,
comprise,c_e,包含；包括,,
compulsory,c_y,強製的；義務的,,
compute,c_e,計算；估計,,
concealed,c_d,隱藏著的,,
conceivable,c_e,可想像的,,
conceive,c_e,設想；構想,,
concentrate,c_e,集中；積聚,,
concentration,c_n,集中；聚集,,
concise,c_e,簡明的；扼要的,,
concisely,c_y,簡明地；簡潔地,,
conclusion,c_n,結束；結尾,,
conclusive,c_e,最後的,,
concrete,c_e,具體的；特定的,,
conducive to,c_ t_,有益於,,
conduct,c_t,執行 (重音第二音節),,
confer,c_r,協商,,
configuration,c_n,架構；形狀,,
confine,c_e,限制；局限,,
confirm,c_m,證實；確認,,
conflicting,c_g,衝突的；抵觸的,,
conform,c_m,一致；符合,,
congest,c_t,擁擠；積聚,,
congregate,c_e,聚集；集合,,
conjectural,c_l,猜測的；推測的,,
congestion,c_n,擁擠 ; 擁塞,,
connected to,c_ t_,連結,,
conscientiously,c_y,謹慎地；精心地,,
consciously,c_y,自覺地；有意識地,,
consecutive,c_e,連貫的；連續地,,
consensus,c_s,共識,,
consequence,c_e,結果；後果,,
consequently,c_y,因此,,
conserve,c_e,儲存；保護,,
considerable,c_e,很重要的；很大的,,
considerably,c_y,相當大地；很大地,,
considerate,c_e,體諒的；關心的,,
consist of,c_ o_,由．．．組成,,
consistent,c_t,持續的,,
consistently,c_y,一致地；始終地,,
conspicuous,c_s,顯著的,,
constantly,c_y,不斷地；經常地,,
constituent,c_t,成分；要素,,
constitute,c_e,構成；組成,,
constrain,c_n,強制；抑制,,
constraint,c_t,約束；限制,,
consume,c_e,消費；吃,,
consumption,c_n,消費；消耗,,
contaminate,c_e,污染；感染,,
contamination,c_n,污染；沾染,,
contemporary,c_y,當代的；現有的,,
contention,c_n,爭論；論戰,,
contest,c_t,比賽；競賽,,
context,c_t,事件的背景 ; 情境,,
continually,c_y,持續地,,
continuous,c_s,連續的,,
continuously,c_y,連續地；不斷地,,
contractions,c_s,縮短；收縮,,
contradictory,c_y,矛盾的；對立的,,
contrary to,c_ t_,相反的；對立的,,
contrast,c_t,對比 ; 反差,,
contrive,c_e,設計；造出,,
controversial,c_l,有爭議的,,
controversy,c_y,爭議,,
convene,c_e,集合；集會,,
conventional,c_l,常規的；道統的,,
convergence,c_e,聚集,,
convert,c_t,轉變；變換,,
convey,c_y,傳送；傳播,,
coordinate,c_e,協調；配合,,
cope,c_e,適應,,
coping with,c_ w_,配合,,
copious,c_s,豐富的；大量的,,
cordial,c_l,親切的；愉快的,,
core,c_e,核心；中心,,
correct,c_t,正確的；準確的,,
correctly,c_y,正確地；恰當地,,
corresponding,c_g,對應的,,
correspondingly,c_y,相應地；對應地,,
corroborate,c_e,確証；證實,,
corrode,c_e,鏽蝕；磨損,,
consequently,c_y,因此,,
constraints,c_s,限制,,
costly,c_y,昂貴的；豪華的,,
contentious,c_s,好爭吵的 ; 愛爭論的,,
continuous,c_s,連續的,,
count,c_t,有價值；有分量,,
count on,c_ o_,依靠,,
counter,c_r,反駁,,
counteract,c_t,抵消；反作用,,
counterpart,c_t,正負兩分之一 ; 極相似的,,
countless,c_s,無數的；許多的,,
couple,c_e,對；雙,,
couple with,c_ w_,加上,,
courteous,c_s,有禮貌的；謙恭的,,
craft,c_t,手藝,,
cramped,c_d,狹窄的,,
create,c_e,引起；產生,,
credible,c_e,可信的,,
crisscross,c_s,穿梭；交錯往來,,
criteria,c_a,標準,,
critical,c_l,關鍵性的；決定性的,,
crucial,c_l,重要的,,
crude,c_e,粗製的；天然的；未加工的,,
cue,c_e,線索 ; 信號,,
culmination,c_n,高點 ; 高峰,,
cultivate,c_e,栽培；在農地工作,,
culture,c_e,文化；衣冠文物,,
cumbersome,c_e,麻煩的；笨重的,,
curative,c_e,治病的；療效的,,
curb,c_b,控制；約束,,
curiously,c_y,稀奇地；奇妙地,,
currency,c_y,通貨；貨幣,,
current,c_t,目前的; 當下的,,
cursory,c_y,草率的 ; 粗略的,,
custom,c_m,風俗；習慣,,
cut,c_t,降低,,
dam,d_m,築壩；修堤；阻擋,,
damage,d_e,損害；破壞,,
damaging,d_g,有害的；不利的,,
dampen,d_n,使潮濕,,
daring,d_g,勇敢的；大膽的,,
dawn,d_n,初始；開端,,
deal with,d_ w_,處理；應付,,
debate,d_e,討論；辯論,,
decay,d_y,腐爛；變質,,
deceive,d_e,誤導; 欺騙,,
decelerate,d_e,減速；降速,,
deceptive,d_e,欺騙的；虛偽的,,
deceptively,d_y,騙人地；虛偽地,,
decimation,d_n,每十個殺ㄧ個 ; 多數的殺害,,
decipher,d_r,破譯；譯解,,
decisive,d_e,決定性的,,
decline,d_e,拒絕；謝絕,,
decompose,d_e,分解 ; 衰退,,
decorate,d_e,裝潢 ; 佈置,,
deem,d_m,認為；相信,,
deep,d_p,深刻的；深切的,,
defeat,d_t,戰勝；擊敗,,
definite,d_e,明確的；規定的,,
definitely,d_y,確定地；明確地,,
deflect,d_t,使偏離；使轉向,,
deft,d_t,熟練的；靈巧的,,
deftly,d_y,熟練地；靈巧地,,
degrade,d_e,降低 ; 退化,,
dehydrate,d_e,使脫水；使乾燥,,
delegate,d_e,代表,,
delete,d_e,刪除；消去,,
deliberate,d_e,審慎的；仔細的,,
deliberately,d_y,蓄意地；審慎地,,
delicate,d_e,脆弱的；嬌嫩的,,
delicately,d_y,精致地；審慎地,,
delineate,d_e,描繪；描述,,
demand,d_d,要求；需求,,
demise,d_e,滅亡；死亡,,
demonstrate,d_e,表明；證實,,
demonstration,d_n,論證；證明,,
denote,d_e,表示；指示,,
dense,d_e,稠密的；濃濃的,,
densely,d_y,緊密地；稠密地,,
depend on,d_ o_,依靠；倚賴,,
depict,d_t,描繪；描述,,
depiction,d_n,描繪; 插畫,,
deplete,d_e,竭盡；用盡,,
deposit,d_t,放置；產卵,,
depress,d_s,壓低；使沮喪,,
deprive,d_e,剝奪；使喪失,,
derive,d_e,得到,,
derived from,d_ f_,基於,,
descent,d_t,血統；世系,,
deserted,d_d,虛無的,,
design,d_n,式樣；圖案,,
designate,d_e,指定 ; 任命,,
desolate,d_e,荒蕪的；荒涼的,,
detect,d_t,查明；查出,,
detectable,d_e,可察覺的；易發現的,,
detecting,d_g,探測,,
deter,d_r,阻止,,
deteriorate,d_e,惡化；變質,,
deterioration,d_n,惡化,,
determinants,d_s,決定因素,,
determine,d_e,評估 ; 計算,,
detrimental,d_l,不利的；有害的,,
devastated,d_d,毀壞的；被破壞的,,
devastation,d_n,破壞,,
developing,d_g,發展的；演化的,,
deviate,d_e,脫離(常規),,
device,d_e,裝置；設備,,
devise,d_e,設計；發明,,
devoid,d_d,缺乏；沒有,,
devoid of,d_ o_,缺少,,
devote,d_e,致力於；獻身於,,
devote to,d_ t_,致力於；獻身於,,
devoted,d_d,忠實的；虔誠的,,
diagnose,d_e,診斷；分析,,
dialogue,d_e,對話；對白,,
dictate,d_e,指示；決定,,
diet,d_t,飲食；節實,,
differential,d_l,不均衡的 ; 差異的,,
diffuse,d_e,擴散；傳播,,
diffusion,d_n,擴散,,
dilemma,d_a,矛盾,,
dim,d_m,隱約的；模糊的,,
diminish,d_h,減少 ; 下降,,
diminutive,d_e,小的；小型的,,
dimly,d_y,朦朧地；暗淡地,,
dip,d_p,浸；沾,,
dire,d_e,可怕的；極度的,,
direct,d_t,指導；指揮,,
directly,d_y,直接地；即刻地,,
disaster,d_r,災難,,
discard,d_d,丟棄；拋棄,,
discern,d_n,辯明；識別,,
discerning,d_g,有眼光的；有辨別力的,,
disciple,d_e,信徒；弟子,,
discipline,d_e,學科；細目,,
discontent,d_t,不滿意；不滿 (名詞同義字是unhappiness),,
discord,d_d,不調合；不一致,,
discover,d_r,發現 ; 了解,,
discrepancy,d_y,差異；不一致,,
disguised,d_d,隱藏的,,
disintegrate,d_e,分裂；瓦解,,
dismiss,d_s,駁回,,
disorient,d_t,使迷惑；使迷失方向,,
disparaging,d_g,貶低的；毀謗的,,
dispatch,d_h,派遣；發送,,
dispense,d_e,分散,,
dispersal,d_l,散播,,
dispersed,d_d,分散的,,
displace,d_e,換置 ; 取代,,
display,d_y,展現；陳列,,
dispose of,d_ o_,處理；除掉,,
disproportionately,d_y,不勻稱地；不相稱地,,
dispute,d_e,爭論,,
dispute,d_e,質疑,,
disregard,d_d,忽視；不注意,,
disrupt,d_t,干擾,,
disseminate,d_e,散佈；傳播,,
dissipate,d_e,驅散；使消失,,
distant,d_t,遠離的；久遠的,,
distinct,d_t,清晰的；不同的,,
distinction,d_n,差異,,
distinctive,d_e,特殊的,,
distinct,d_t,清楚的；明顯的,,
distinguish,d_h,區分；辨別,,
distinguished,d_d,著名的；卓越的,,
distributed,d_d,散開的; 分散的,,
district,d_t,地區；街區,,
disturb,d_b,攪動；滋攪,,
dive,d_e,跳水；潛水,,
divergence,d_e,差異；變化,,
divergent,d_t,分歧的,,
diverse,d_e,多種多樣的；不一樣的,,
diversity,d_y,多樣化；各式各樣,,
divert,d_t,改變方向,,
divine,d_e,神聖的；非凡的,,
do away with,d_ a_ w_,廢除；去掉,,
document,d_t,文件,,
domain,d_n,領域；範圍,,
domesticate,d_e,馴養；馴服,,
dominant,d_t,主要的；佔優勢的,,
dominate,d_e,支配；控制,,
donate,d_e,捐贈；贈送,,
donation,d_n,捐款；捐物,,
donor,d_r,捐獻者；贈與人,,
dormancy,d_y,休眠狀態,,
dormant,d_t,休眠的；蟄伏的,,
dot,d_t,點綴；分散於,,
draft,d_t,草擬；設計,,
drama,d_a,戲劇；劇本；,,
dramatic,d_c,戲劇性的；顯著的,,
dramatically,d_y,戲劇性地；顯著地,,
drastic,d_c,激烈的；猛烈的,,
drastically,d_y,激烈地；猛烈地,,
draw,d_w,吸引；提取,,
drawback,d_k,缺點；弊端,,
dread,d_d,恐懼；畏懼,,
dreadfully,d_y,極端地,,
drift,d_t,漂泊;移動,,
drive,d_e,運動;競賽,,
drought,d_t,旱災；旱季,,
duplicate,d_e,複製；複寫,,
duplicate,d_e,相同的；雙重的,,
duplication,d_n,複製；複製品,,
durability,d_y,經久，耐久,,
durable,d_e,持久的；耐用的,,
duration,d_n,持續時間；期間,,
during,d_g,在．．．期間；在．．．時候,,
dust,d_t,塵土；灰塵,,
dwell,d_l,居住；居留,,
dwelling,d_g,住處；寓所,,
dwindle,d_e,減少 ; 衰落,,
eager,e_r,熱心的,,
early,e_y,早期的；早先的,,
earnest,e_t,認真的；誠摯的,,
earnestly,e_y,誠摯地；殷切地,,
earth,e_h,土；泥,,
ease into,e_ i_,漸漸進入,,
eccentric,e_c,怪癖的；古怪的,,
eccentricity,e_y,怪癖；古怪,,
ecologically,e_y,生態上；環境上,,
economical,e_l,節約的；經濟的,,
eerie,e_e,詭異的,,
effect,e_t,影響；效果,,
effectively,e_y,有效地；有力地,,
efficiency,e_y,效力,,
efficient,e_t,有效的；有力的,,
effort,e_t,努力；嘗試,,
eject,e_t,排斥,,
elaborate,e_e,複雜的；精心製作的,,
elaborately,e_y,詳盡地；精心地,,
elastic,e_c,有彈性的；可塑的,,
elect,e_t,選擇；推選,,
elegant,e_t,優雅的,,
elevate,e_e,提升；提升,,
elevation,e_n,高度；海拔,,
elicit,e_t,引出,,
eligible,e_e,合格的；適宜的,,
elongate,e_e,延長; 延伸,,
eloquent,e_t,善辯的；有口才的,,
elsewhere,e_e,在別處,,
elusive,e_e,無從捉摸的,,
emanate,e_e,散放,,
embarrass,e_s,使困窘；使為難,,
embellishments,e_s,裝飾 ; 粉飾,,
embody,e_y,體現；具體化,,
embrace,e_e,包括；包含；接受；信奉,,
embraced,e_d,歡迎,,
emerge,e_e,浮現；出現,,
emergence,e_e,出現；浮現,,
emigrate,e_e,外移,,
eminent,e_t,傑出的；著名的,,
emit,e_t,放射；散發,,
emit,e_t,排放 ; 釋出,,
emitting,e_g,生產，發行,,
emotion,e_n,感情；情感,,
emphasize,e_e,著重；強調,,
empirical,e_l,觀察的；經驗的,,
employ,e_y,僱佣；應用,,
emulate,e_e,模仿；仿效,,
enable,e_e,使能夠；使可能,,
enact,e_t,頒佈；規定,,
enactment,e_t,演出；作秀,,
enchantment,e_t,魅力,,
encompass,e_s,包含,,
encourage,e_e,鼓勵；促進,,
encroach,e_h,侵襲 ; 侵犯,,
end,e_d,末端；目的,,
endanger,e_r,危害；危及,,
endeavor,e_r,努力；盡力,,
endorse,e_e,認可；擔保,,
endow,e_w,賦予,,
endowment,e_t,天賦；天資,,
endure,e_e,忍受；求生存,,
enduring,e_g,持久的；耐用的,,
energetic,e_c,有力的；精力旺盛的,,
energetically,e_y,有力地；精力飽滿地,,
engage in,e_ i_,從事；忙於,,
engaged,e_d,僱佣,,
enhance,e_e,提升；增進,,
enjoyment,e_t,樂趣；享樂,,
enlist,e_t,徵募；入伍,,
enormous,e_s,巨大的；非凡的,,
ensure,e_e,保證,,
entail,e_l,引起；關係到,,
enthusiasm,e_m,熱情；積極性,,
enthusiastically,e_y,熱心地；熱情地,,
entitled to,e_ t_,賦予權利,,
entire,e_e,全部的,,
entirely,e_y,完全地；徹底地,,
entitle,e_e,稱作；取名,,
entity,e_y,實體；存在,,
entrepreneur,e_r,創業者,,
envelope,e_e,封皮；包層,,
envision,e_n,想像 ; 展望未來,,
epoch,e_h,時代；紀元,,
equal to,e_ t_,勝任的；能應付的,,
equally,e_y,相同地；同等地,,
equilibrium,e_m,平衡；均衡,,
equipment,e_t,設備；裝置,,
equivalent,e_t,相等的 ; ,,
equivocally,e_y,曖昧地；摸棱兩可地,,
era,e_a,時期,,
eradicate,e_e,除去；消除,,
erect,e_t,豎起的；直觀的,,
erect,e_t,樹立；建立,,
erection,e_n,建立；豎立,,
erratically,e_y,無規律地；不穩定地,,
erroneous,e_s,不正確的；錯誤的,,
erupt,e_t,噴出；爆發,,
escalate,e_e,逐步上升；逐步升級,,
especially,e_y,特別地；主要地,,
essence,e_e,基本,,
essential,e_l,基本的,,
essentially,e_y,基本上；必然地,,
establish,e_h,設立；創作,,
estate,e_e,房地產；財產,,
esteem,e_m,尊敬；尊重,,
estimated,e_d,鑑定,,
evacuate,e_e,撤離；疏散,,
evaluate,e_e,評估,,
eventually,e_y,最後地,,
ever-shifting,e_g,不斷改變的,,
evidence,e_e,跡象；預示,,
evidence,e_e,顯示；證明,,
evident,e_t,明顯的,,
evolution,e_n,進化,,
evolve,e_e,發展；演化,,
exact,e_t,正確的；精確的,,
exaggeration,e_n,誇張；誇大,,
examine,e_e,考察；探索,,
excavate,e_e,挖掘；開鑿,,
excavating,e_g,挖掘,,
exceed,e_d,超過；勝過,,
exceeding,e_g,超越,,
exceptional,e_l,特別的；非凡的,,
exceptionally,e_y,特別地,,
excerpt,e_t,節錄；摘錄,,
excessive,e_e,過分的；極度的,,
exclude from,e_ f_,拒絕；排除,,
exclusively,e_y,唯一地；全部地,,
excrete,e_e,排放 ; 釋出,,
excursion,e_n,短途旅行；遠足,,
execute,e_e,造成；製成；履行；執行,,
execution,e_n,執行；履行,,
exemplary,e_y,模範的；典型的,,
exercise,e_e,行使，利用,,
exert,e_t,運用 ; 盡力 ; 使受到影響,,
exhaustively,e_y,徹底地；完全地,,
exhibit,e_t,展覽；展出,,
exhibit,e_t,展覽會 ; 展覽品,,
exorbitant,e_t,昂貴的,,
exotic,e_c,異國的,,
expand,e_d,擴張；增加,,
expanse,e_e,廣闊的地方,,
expedite,e_e,加速；促進,,
expend,e_d,消耗 ; 使用,,
experimental,e_l,嘗試性的,,
expertly,e_y,熟練地；老練地,,
explicit,e_t,明確的,,
explicitly,e_y,明晰地；明確地,,
exploit,e_t,剝削,,
explore,e_e,考察；探索,,
expose,e_e,使暴露；暴露於,,
exposition,e_n,展覽會；博覽會,,
extend,e_d,延長；擴展,,
extensive,e_e,廣泛的；廣博的,,
extensively,e_y,廣闊地；廣泛地,,
extinct,e_t,滅種 ; 滅絕,,
extra,e_a,額外的；附加的,,
extract,e_t,提取；取得；拔出,,
extraneous,e_s,外來的；無關的,,
extraordinary,e_y,非凡的；極度的,,
extremely,e_y,極端地；極度地,,
exude,e_e,散發,,
fabricate,f_e,製作；裝配,,
fabricating,f_g,製作，構建,,
facet,f_t,某一方面,,
facilitate,f_e,使便利,,
factor,f_r,要素；原素,,
fade,f_e,褪色；衰弱,,
fairly,f_y,相對地；相當地,,
faithful,f_l,忠誠的；忠實的,,
fake,f_e,偽造的；冒充的,,
famous,f_s,著名的；出名的,,
fanciful,f_l,想像的；怪誕的,,
far,f_r,太；極；甚,,
far-reaching,f_g,廣泛的；深遠的,,
fashion,f_n,造成，引起,,
fashion,f_n,模式；樣子,,
fasten,f_n,紮牢；釘牢,,
fatal,f_l,致命的,,
fault,f_t,縫隙；斷層,,
fauna,f_a,動物 (集合名詞),,
favor,f_r,喜愛,,
feasible,f_e,可行的；可能的,,
feat,f_t,功績；技藝,,
fee,f_e,費用；費,,
feeble,f_e,微弱的；無力的,,
feed,f_d,供給；供應,,
feel,f_l,察覺；感覺,,
feign,f_n,假裝,,
ferocious,f_s,兇猛的；殘忍的,,
fertile,f_e,肥沃的,,
fervor,f_r,熱情；熱烈,,
fictitious,f_s,虛構的；想像的,,
fidelity,f_y,忠誠；忠貞,,
figure,f_e,圖象；形象,,
figure out,f_ o_,演算；解決,,
fill,f_l,充滿；充塞,,
filter,f_r,過濾；濾過,,
finalize,f_e,終結；中止,,
find,f_d,找到；發現,,
fine,f_e,細小的,,
firm,f_m,結實的；堅硬的,,
firmly,f_y,堅定地；牢固地,,
fit,f_t,適合；適應,,
fix,f_x,安裝；固定；決定；確定,,
fixed,f_d,固定的,,
fixture,f_e,固定設備；附屬裝置,,
flattering,f_g,稱揚的；奉承的,,
flattery,f_y,諂媚 ; 阿諛,,
flavoring,f_g,調味的,,
flaw,f_w,缺點，瑕疵；有缺陷；有裂縫,,
flee,f_e,逃離；逃避,,
flexible,f_e,柔韌的；有彈性的,,
float,f_t,漂；浮,,
flock,f_k,鳥群；獸群,,
flora,f_a,植物 (集合名詞),,
flourish,f_h,茂盛 ; 發達,,
flow,f_w,流動，湧出；,,
fluctuate,f_e,起伏；波動,,
fluctuation,f_n,波動,,
fluorescent,f_t,發光的；熒光的,,
focus on,f_ o_,聚焦,,
foliage,f_e,葉子,,
follow,f_w,聽從；遵循,,
following,f_g,在．．．之後,,
fool,f_l,欺騙；愚弄,,
foolish,f_h,荒謬的；愚蠢的,,
forage,f_e,搜索；尋找食物,,
forbid,f_d,禁止；不許,,
forecast,f_t,預測；預報,,
foregoing,f_g,先行的,,
foremost,f_t,首要的；主要的,,
forerunner,f_r,先驅；先鋒,,
forestall,f_l,阻止；,,
forever,f_r,永遠地；無窮無盡地,,
forfeit,f_t,失去；喪失,,
forge,f_e,創造 ; 偽造,,
form,f_m,形成；製作,,
formative,f_e,形成的；成型的,,
formerly,f_y,從前；以前,,
formidable,f_e,艱難的,,
fortunate,f_e,幸運的,,
foster,f_r,養育; 促進,,
found,f_d,創辦；建立,,
foundation,f_n,基礎；根據,,
fractures,f_s,裂縫,,
fragile,f_e,脆弱的; 易碎的,,
fragment,f_t,碎片；破片,,
fragmented,f_d,分裂的,,
fragrance,f_e,香味；香氣,,
frail,f_l,虛弱的；脆弱的,,
framework,f_k,架構；框架,,
free,f_e,擺脫的；不受約束的,,
freestanding,f_g,自立的;  不需支撐的,,
friction,f_n,磨擦; 衝突,,
frigid,f_d,寒冷的,,
from time to time,f_ t_ t_ t_,間或地；偶爾地,,
fruitful,f_l,富有成效的；多產的,,
fruitfully,f_y,富有成效地；多產地,,
fruitlessly,f_y,無效地；徒勞地,,
fuel,f_l,提供燃料,,
fulfill,f_l,實踐 ; 履行,,
functional,f_l,合用的,,
fundamental,f_l,基礎的；基本的,,
furnish,f_h,提供；供應,,
further,f_r,進一步的；深層的,,
further,f_r,促進；推展,,
furthermore,f_e,而且；不僅…而且,,
fusion,f_n,熔合；聯合,,
gain,g_n,v.獲得；贏利　n.利益；得益,,
game,g_e,動物 (集合名詞),,
gap,g_p,缺口；縫隙,,
gather,g_r,搜集；聚集,,
gauge,g_e,測量；評估,,
general,g_l,一般地；慣常地　,,
generally,g_y,通常地；廣義地,,
generate,g_e,產生；發生,,
gentle,g_e,平緩的；溫和的,,
germinate,g_e,發芽；開始生長,,
get rid of,g_ r_ o_,除去；去掉,,
gifted,g_d,有天賦的；聰穎的,,
gingerly,g_y,小心地；謹慎地,,
give in,g_ i_,讓步；屈服,,
give out,g_ o_,發表；公佈,,
give way to,g_ w_ t_,讓位；變成,,
given,g_n,特定的；一定的,,
glare,g_e,刺目的強光,,
gloomy,g_y,陰郁的；憂悶的,,
glowing,g_g,光亮的,,
goal,g_l,目的；目標,,
goods,g_s,商品；貨物,,
gorgeous,g_s,美麗的；華麗的,,
gradually,g_y,逐漸地；逐步地,,
grandeur,g_r,宏偉；壯觀,,
grant,g_t,頒發；授予,,
graphic,g_c,生動的；圖文的,,
grasp,g_p,領會；掌握,,
grasp,g_p,領悟,,
graze,g_e,以．．．為食；放牧,,
grief,g_f,悲痛；不幸,,
grossly,g_y,顯著地；大大地,,
grueling,g_g,筋皮力竭的；折磨人的,,
guard,g_d,保護；保衛,,
habitat,h_t,棲息地；產地,,
habitually,h_y,習慣地；慣常地,,
hail,h_l,歡呼；招呼,,
hamper,h_r,妨礙；阻礙,,
hand in,h_ i_,交出；傳遞,,
hand out,h_ o_,分派；散發,,
handle,h_e,處理；管理,,
handy,h_y,靈巧的；方便的,,
haphazard,h_d,雜亂的；任意的,,
haphazardly,h_y,任意地；雜亂無章地,,
harbor,h_r,港口；港灣,,
hard,h_d,堅硬的；牢固的,,
hardly,h_y,幾乎不；簡直不,,
hardship,h_p,痛苦；苦難,,
harm,h_m,損害；損壞,,
harmful,h_l,有害的；危險的,,
harmless,h_s,無害的；無毒的,,
harness,h_s,利用；治理,,
harsh,h_h,嚴酷的；苛刻的,,
harvest,h_t,斬獲；獲得,,
hasten,h_n,加速；促進,,
hastened,h_d,草率的,,
hatch,h_h,孵化；孵出,,
haul,h_l,拖運；運送,,
hazard,h_d,危險；冒險,,
hazardous,h_s,危險的；冒險的,,
heading,h_g,標題；題目,,
headway,h_y,前進；進展,,
heavily,h_y,濃密地；稠密地,,
heighten,h_n,升高 ; 增強,,
hemisphere,h_e,半球；半邊,,
hence,h_e,因此；所以,,
henceforth,h_h,自此以後,,
herald,h_d,預示；預報,,
herbivore,h_e,草食性動物,,
herbivorous,h_s,草食性的,,
herd,h_d,群；獸群,,
heredity,h_y,遺傳；遺傳性,,
heritage,h_e,遺產；道統,,
hesitantly,h_y,猶豫地；躊躇地,,
heterogeneous,h_s,異種的; 異質的,,
heyday,h_y,全盛時期；黃金時期,,
hide,h_e,隱藏；遮掩,,
hide,h_e,獸皮；皮革,,
hideous,h_s,可怕的,,
hierarchial,h_l,階級的,,
highlight,h_t,著重；強調,,
highly,h_y,高度地；非常地,,
hinder,h_r,妨礙；阻礙,,
hindered,h_d,妨礙的,,
hints,h_s,線索,,
hire,h_e,僱佣；租用,,
hitherto,h_o,迄今,,
hold,h_d,結合；連結,,
hollow,h_w,掏空,,
hollow,h_w,洞；穴,,
homogeneous,h_s,同質的,,
house,h_e,安置；收藏,,
hub,h_b,中心；中樞,,
hue,h_e,色彩；色澤,,
huge,h_e,巨大的；大量的,,
humid,h_d,濕的；潮濕的,,
humiliate,h_e,羞辱；使丟臉,,
hurdle,h_e,困難；障礙,,
husk,h_k,外殼；果殼,,
hypothesis,h_s,假設；假說,,
ideal,i_l,完美的,,
identical,i_l,同樣的,,
idiosyncrasy,i_y,特質 ; 特異性,,
ignite,i_e,著火；燃燒,,
ill,i_l,負的；不良的,,
illicit,i_t,非法的；不正當的,,
illuminate,i_e,照明；照亮,,
illusion,i_n,幻覺 ; 幻象,,
illustrate,i_e,說明；闡明,,
illustration,i_n,插圖；圖解,,
illustrious,i_s,傑出的；著名的,,
image,i_e,影象；形象,,
imaginary,i_y,想像中的；不真實的,,
imitate,i_e,模仿；仿造,,
immense,i_e,巨大的；龐大的,,
immensely,i_y,非常；大大地,,
immerse,i_e,浸泡,,
immigrate,i_e,移民,,
imminent,i_t,逼近的；即將來臨的,,
immobile,i_e,靜止的,,
immunity,i_y,保護,,
impact,i_t,影響；作用,,
impair,i_r,損害,,
impartial,i_l,公平的；公正的,,
impede,i_e,妨礙；阻止,,
impediment,i_t,妨礙；阻礙,,
impending,i_g,逼近的；即將發生的,,
imperative,i_e,急切的；必要的,,
imperceptibly,i_y,不可覺察地；極緩慢地,,
imperceptible,i_e,不可察覺的；極緩慢的,,
impetus,i_s,誘因,,
implement,i_t,工具；器械,,
implement,i_t,實施,,
implication,i_n,含義；意義,,
imply,i_y,暗示；意指,,
important,i_t,重要的；重大的,,
impose on,i_ o_,強制,,
imposing,i_g,壯觀的；雄偉的,,
impractical,i_l,不實際的,,
impressive,i_e,驚人的;令人印象深刻的,,
improve,i_e,增進；改良,,
improvise,i_e,臨時準備；即席創作,,
imprudent,i_t,不精明的；輕率的,,
in essence,i_ e_,基本上而言,,
in place of,i_ p_ o_,代替　,,
in reality,i_ r_,實際上；事實上,,
in retrospect,i_ r_,回顧；回想,,
in the long run,i_ t_ l_ r_,到末了; 到最後,,
inaccessible,i_e,難接近的；難達到的,,
inadvertently,i_y,粗心地；非故意地,,
inappropriately,i_y,不恰當地；不合宜地,,
inaugurate,i_e,開始；開創,,
incalculable,i_e,無數的；極大的,,
incapacitate,i_e,使殘廢；使無能,,
inception,i_n,起初,,
incessant,i_t,連續的；不斷的,,
incessantly,i_y,連續地；頻繁地,,
incentive,i_e,誘因,,
incidence,i_e,發生率,,
incidentally,i_y,偶然地；附帶地,,
incinerate,i_e,燒毀,,
incite,i_e,激勵；刺激,,
inclination,i_n,傾向；偏好,,
include,i_e,包括；包含,,
incorporate,i_e,結合；合併,,
increase,i_e,增加；增多,,
incredible,i_e,難以置信的；不可思議的,,
incredulity,i_y,懷疑；不相信,,
indefinitely,i_y,無限地,,
index,i_x,指標；標誌,,
indigenous,i_s,當地的；本土的,,
indiscriminate,i_e,不加選擇的；不加鑑別的,,
indiscriminately,i_y,無差別地,,
indispensable,i_e,必不可少的；絕對必要的,,
individually,i_y,個別地；各自地,,
induce,i_e,引起；導致,,
inducement,i_t,誘因,,
inept,i_t,無能的；不稱職的,,
inevitable,i_e,不可避免的；必然發生的,,
inevitably,i_y,不可避免地；必然發生地,,
infectious,i_s,傳染性的；易傳播的,,
inference,i_e,推論 ; 結論,,
infiltrate,i_e,滲入；透過,,
infinitesimal,i_l,極微小的；無限小的,,
inflate,i_e,膨脹; 擴大,,
influence,i_e,影響；感化,,
influential,i_l,有影響的；有勢力的,,
influx,i_x,流入；到達,,
informally,i_y,非正式地；非正規的,,
informed,i_d,有見識的；見聞廣的,,
infusion,i_n,灌輸；注入,,
ingenious,i_s,有天才的；機敏的,,
ingenuity,i_y,發明才能,,
ingredient,i_t,成分；要素,,
inhabit,i_t,居住於；棲息於,,
inhabitant,i_t,居民；住戶,,
inhale,i_e,吸入；吸氣,,
inherent,i_t,固有的 ; 天生的,,
inherently,i_y,內在地；根本地,,
inherit,i_t,接受；繼承,,
inhibit,i_t,阻止；阻礙,,
inhospitable,i_e,冷淡的；不親切的,,
initial,i_l,古老的；初始的,,
initially,i_y,最初；開始,,
initiate,i_e,開始；引發,,
innovation,i_n,創新；革新,,
innovative,i_e,創新的；革新的,,
innumerable,i_e,無數的；數不清的,,
impetus,i_s,刺激；誘因,,
inquiry,i_y,調查；問題,,
inquisitive,i_e,好奇的；盤根問底的,,
insert,i_t,插入；嵌入,,
inside,i_e,內部；裡面,,
insignificant,i_t,無意義的；不重要的,,
inspire,i_e,激勵；賦予靈感,,
install,i_l,裝置; 裝設,,
instance,i_e,實例；例證,,
instantly,i_y,立即；立刻,,
instead,i_d,代替；更換,,
instruction,i_n,教訓；教誨,,
insufficient,i_t,不足的；不夠的,,
intact,i_t,原封不動的,,
integral,i_l,整體的；不可缺少的,,
integrate,i_e,使結合；成一體,,
intended,i_d,意圖的,,
intense,i_e,強烈的；劇烈的,,
intensive,i_e,加強的，集中的,,
intent,i_t,目的,,
intentionally,i_y,有意地；故意地,,
interchangeable,i_e,相等的；可互換的,,
interfere,i_e,妨礙；抵觸,,
interlocked,i_d,連結的,,
intermittently,i_y,間歇地；斷斷續續地,,
interruption,i_n,中斷,,
intervals,i_s,週期 ,,
intervene,i_e,干涉；調停,,
intervention,i_n,干涉；影響,,
intimate,i_e,親密的；密切的,,
intimately,i_y,親密；親切,,
intricate,i_e,複雜的；使人迷惑的,,
intrigue,i_e,迷惑,,
intriguing,i_g,迷人的　,,
intrinsic,i_c,本質的 ; 原來具有的,,
intrinsically,i_y,基本地,,
inundate,i_e,淹沒；泛濫,,
invade,i_e,侵入,,
invaluable,i_e,極有價值的,,
invariably,i_y,恆久地；不變地,,
invent,i_t,創造；發明,,
inventive,i_e,有創意的,,
inviting,i_g,吸引人的；誘人的,,
invoke,i_e,呼籲,,
irregularly,i_y,不規則地；不整齊地,,
irreversible,i_e,不可回復的 ; 永久的,,
irrevocable,i_e,最後的；不能改變的,,
irritable,i_e,煩躁的；易激怒的,,
irritating,i_g,煩惱的；激怒的,,
isolating,i_g,孤立的；隔離的,,
issue,i_e,流出；發行,,
issue,i_e,問題；爭論,,
intermediate,i_e,中間的,,
jeopardize,j_e,危及；危害,,
jettison,j_n,拋棄；放棄,,
join,j_n,連接；結合,,
joint,j_t,共同的；分享的,,
jointly,j_y,同時地 ; 共同地,,
judge,j_e,評價；鑑定,,
jurisdiction,j_n,管轄權；司法權,,
justification,j_n,理由,,
justify,j_y,辯護；證實,,
justly,j_y,公正地；正當地,,
juvenile,j_e,青少年的,,
juvenile,j_e,青少年　,,
keen,k_n,敏銳的；敏捷的,,
keenly,k_y,激烈地; 熱心地,,
keep,k_p,保持；儲存,,
keep pace with,k_ p_ w_,並駕齊驅,,
key,k_y,主要的；關鍵的,,
kin,k_n,近親,,
knack,k_k,技巧；竅門,,
label,l_l,貼標籤；標明,,
laborious,l_s,費力的,,
lace,l_e,交織；交錯,,
lack,l_k,缺乏；缺少,,
laden,l_n,滿載的,,
landscape,l_e,風景；景色,,
lane,l_e,航道；路線,,
largely,l_y,大量地；主要地,,
last,l_t,持續；持久,,
lasting,l_g,持久的；持續的,,
lateral,l_l,側面的,,
launch,l_h,發射；投擲,,
lavishly,l_y,奢華地,,
leading,l_g,主要的；主角的,,
leap,l_p,跳躍；躍過,,
lease,l_e,出租；租用,,
leftover,l_r,剩餘的,,
legacy,l_y,遺產 ; 遺贈,,
legally,l_y,合法地；法律上,,
legend,l_d,傳說 ; 故事,,
legitimate,l_e,合法的；合理的,,
leisure,l_e,空閒的；閒暇的,,
leisurely,l_y,從容的；有規律的,,
length,l_h,長度；距離,,
lenient,l_t,寬大的；寬容的,,
lessen,l_n,減少；減輕,,
lethal,l_l,致命的,,
liability,l_y,責任,,
liberally,l_y,隨意地；寬容地,,
liberate,l_e,釋放；放出,,
lie,l_e,位於,,
likelihood,l_d,可能性,,
likely,l_y,有希望的；恰當的,,
likeness,l_s,相象；類似,,
likewise,l_e,類似地,,
limit,l_t,限定；限制,,
link,l_k,連結,,
liquid,l_d,液體；流體,,
literacy,l_y,文化水準；讀寫能力,,
load,l_d,重擔；負荷,,
locale,l_e,場所,,
locality,l_y,地方；所在地,,
locally,l_y,當地；本地,,
locate,l_e,定位；探出,,
locomotion,l_n,運動；移動,,
lodge,l_e,留存；放置,,
lodging,l_g,寄宿處；住所,,
look after,l_ a_,照料；照顧,,
look over,l_ o_,檢查；察看,,
loophole,l_e,漏洞,,
loot,l_t,掠奪；洗劫,,
lower,l_r,減低；減弱,,
lucidly,l_y,清楚地；明白地,,
lucrative,l_e,有利的,,
lucratively,l_y,有利地；賺錢地,,
ludicrously,l_y,荒唐地；滑稽地,,
lukewarm,l_m,不熱情的；微溫的,,
lumber,l_r,木料；木材,,
luminous,l_s,發光的；閃亮的,,
lure,l_e,吸引；引誘,,
lush,l_h,蒼翠的,,
luster,l_r,光澤；光彩,,
lustrous,l_s,有光澤的；光亮的,,
magnify,m_y,放大；強化,,
magnitude,m_e,程度,,
mainly,m_y,主要地；基本上,,
maintain,m_n,維持；堅持,,
majesty,m_y,威嚴；尊嚴,,
major,m_r,主要的；大型的,,
make up,m_ u_,構成；組成,,
make up for,m_ u_ f_,補償；彌補,,
make up of,m_ u_ o_,構成；組成,,
makeup,m_p,構造；組成,,
mammal,m_l,哺乳動物,,
mammoth,m_h,龐大的；巨大的,,
mandated,m_d,要求,,
maneuver,m_r,動作；花招,,
manifest,m_t,表現,,
manipulated,m_d,操弄,,
mankind,m_d,人類,,
manually,m_y,人工地；手工地,,
mar,m_r,損壞；毀壞,,
march,m_h,遊行；行進,,
margin,m_n,邊；邊緣,,
marginally,m_y,邊緣地；稍微地,,
marine,m_e,海生的；海洋的,,
marked,m_d,明顯的；顯著的,,
markedly,m_y,明顯地；顯著地,,
market,m_t,出售；銷售,,
marvel,m_l,奇跡；傑作,,
mask,m_k,遮掩；遮蔽,,
massive,m_e,巨大的；大量的,,
masterpiece,m_e,傑作；名作,,
match,m_h,相等 ; 符合,,
matching,m_g,相同的；匹配的,,
matchless,m_s,無敵的；無比的,,
mate,m_e,交配；繁殖,,
material,m_l,物質；原料,,
mature,m_e,成熟的,,
meager,m_r,貧乏的；不足的,,
mean,m_n,平均值 ; 算術平均數,,
means,m_s,方法(單數名詞),,
mechanism,m_m,裝置；機構,,
mechanism for,m_ f_,方法　,,
meet,m_t,滿足；符合,,
melancholy,m_y,憂郁的；消沈的,,
melody,m_y,旋律；主調,,
memo,m_o,備忘錄；變簽,,
mend,m_d,修復；改善,,
merchandise,m_e,商品；貨品,,
merely,m_y,僅僅；不過,,
merge,m_e,合併；兼並,,
merit,m_t,值得,,
merit,m_t,優點；長處,,
methodically,m_y,有規律地；有條理地,,
meticulously,m_y,小心地,,
metropolitan,m_n,大城市的；大都會的,,
midst,m_t,處於；在．．．之中,,
migrate,m_e,遷移；移居,,
mildly,m_y,溫和地；緩和地,,
millennia,m_a,千年期；一千年,,
mimic,m_c,模仿；摹似,,
minimal,m_l,最低程度的；最少量的,,
minimum,m_m,最低限度；最少量,,
minuscule,m_e,很小的；微小的,,
minute,m_e,微小的；細微的 (重音在第二音節),,
miraculously,m_y,非凡地；奇跡般地,,
mirror,m_r,反映；映出,,
miscellaneous,m_s,種種的 ; 多方面的,,
misleading,m_g,誤導的,,
misrepresent,m_t,歪曲；誤解,,
mistakenly,m_y,錯誤地；誤解地,,
mitigate,m_e,減少 ; 減輕,,
mix up,m_ u_,搞混；混淆,,
mock,m_k,嘲弄；嘲笑,,
mode,m_e,模式；手段,,
model,m_l,模範,,
modest,m_t,適度的 ; 樸素的,,
modification,m_n,修改；變更,,
modify,m_y,修改；變化,,
modulate,m_e,調整;調控,,
moist,m_t,潮濕的；濕潤的,,
mold,m_d,捏成；塑造,,
molten,m_n,熔化的,,
monitor,m_r,檢查；監視,,
monopolize,m_e,獨佔；佔優勢,,
have a monopoly on,h_ a_ m_ o_,獨佔,,
monotonous,m_s,單調的；不變的,,
monumental,m_l,不朽的；非凡的,,
moral,m_l,寓言的教訓,,
morale,m_e,士氣；信心,,
moreover,m_r,此外,,
motif,m_f,圖案；花紋,,
motion,m_n,運動；移動,,
motivation,m_n,動機；目的,,
motive,m_e,動機；原因,,
mount,m_t,增長；上升,,
mournful,m_l,悲哀的；淒慘的,,
mundane,m_e,世俗的；普通的,,
mural,m_l,壁畫,,
murmur,m_r,咕噥；私下抱怨,,
mutually,m_y,共同地；彼此地,,
myriad,m_d,許多的；無數的,,
myth,m_h,神話；傳奇,,
mythical,m_l,虛構的；想像的,,
naked,n_d,肉眼的；赤裸的,,
narrator,n_r,講述者；敘述者,,
narrow,n_w,狹窄的；狹小的,,
nearly,n_y,幾乎；大約,,
negligible,n_e,可忽視的；微不足道的,,
neighboring,n_g,鄰近的；附近的,,
nevertheless,n_s,然而；仍然,,
no wonder,n_ w_,毫無疑問的,,
noise,n_e,喧鬧聲；嘈雜聲,,
noisy,n_y,喧鬧的；嘈雜的,,
norm,n_m,標準,,
normal,n_l,標準的；正常的,,
normally,n_y,常規地；正常地,,
notable,n_e,著名的；顯著的,,
noted,n_d,著名的；聞名的,,
note,n_e,注意到,,
noteworthy,n_y,顯著的；值得注意的,,
noticeably,n_y,顯著地；明顯地,,
notify,n_y,通知；報告,,
notion,n_n,概念；理念,,
notwithstanding,n_g,儘管,,
nourish,n_h,滋養；養育,,
novel,n_l,奇異的；新奇的,,
novelty,n_y,新奇的事物,,
no wonder,n_ w_,毫無疑問的,,
now and then,n_ a_ t_,偶然地,,
noxious,n_s,有害的；有毒的,,
numerous,n_s,許多的；甚多的,,
nutritious,n_s,營養的；滋養的,,
obediently,o_y,服從地；順從地,,
obese,o_e,肥胖的；肥大的,,
object,o_t,目的；目標,,
objective,o_e,客觀的,,
obligated,o_d,有義務去做的,,
obligation,o_n,義務,,
obliged,o_d,被迫的,,
oblivious,o_s,不在意的；不注意的,,
obscure,o_e,掩蔽；隱藏,,
obscure,o_e,不清楚的；不著名的,,
observe,o_e,觀察；看到,,
obsolete,o_e,過時的；作廢的,,
obstacle,o_e,障礙；妨礙,,
obstinate,o_e,固執的；頑強的,,
obstruct,o_t,阻塞；堵塞,,
obstruction,o_n,障礙,,
obtain,o_n,獲得；取得,,
obvious,o_s,明顯的；顯而易見的,,
obviously,o_y,明顯地；顯然地,,
occasional,o_l,偶然的,,
occasionally,o_y,偶然地,,
occur,o_r,存在；出現；發生,,
odds,o_s,爭執；不一致,,
the odds of,t_ o_ o_,可能性,,
off and on,o_ a_ o_,不時地；斷斷續續地,,
officially,o_y,正式地；官方地,,
offset,o_t,彌補 ; 補償,,
offspring,o_g,後代；幼子,,
often,o_n,常常；經常,,
on balance,o_ b_,總的來說,,
on the whole,o_ t_ w_,整體上；大體上,,
once,o_e,曾；曾經,,
once in a while,o_ i_ a_ w_,間或；偶爾,,
oncoming,o_g,即將到來的,,
onset,o_t,開始,,
opaque,o_e,不透明的 ; 晦暗的,,
operate,o_e,運作,,
opportunity,o_y,機會；時機,,
opposed to,o_ t_,反對的；反抗的,,
optimal,o_l,最佳的,,
opulence,o_e,富裕；富饒,,
oral,o_l,口頭的；口述的,,
orally,o_y,口頭地；口述地,,
orbit,o_t,環行；環繞,,
organize,o_e,組織；安排,,
orientate,o_e,確定方位,,
ornamental,o_l,裝飾的；裝飾用的,,
ornamented,o_d,裝飾的,,
ornate,o_e,華麗的；絢麗的,,
otherwise,o_e,否則；不然,,
ought to,o_ t_,應當；應該,,
outline,o_e,總結；概括,,
outlying,o_g,遠外的；邊遠的,,
output,o_t,產量；產品,,
outrun,o_n,超過；勝過,,
outskirts,o_s,郊區；郊外,,
outspoken,o_n,坦率的；直言的,,
outstanding,o_g,傑出的；顯著的,,
outweigh,o_h,超越,,
overall,o_l,總的；全部的,,
overcome,o_e,克服；戰勝,,
overestimated,o_d,高估,,
overlap with,o_ w_,重疊,,
overseas,o_s,國外；海外,,
oversee,o_e,督導,,
oversight,o_t,疏忽；失察,,
overtake,o_e,趕上，超越,,
overtly,o_y,公開地；明顯地,,
overturn,o_n,推翻；顛覆,,
overwhelm,o_m,超越,,
overwhelmed,o_d,數量過於龐大的,,
owing to,o_ t_,由於；因為,,
pace,p_e,步伐 ; 速度,,
pale,p_e,蒼白的；淺色的,,
paradigm,p_m,模範 ; 範例,,
paradox,p_x,矛盾,,
paradoxical,p_l,自相矛盾的；反論的,,
parch,p_h,烤焦,,
parallel,p_l,類似點；類似處,,
particular,p_r,特別的；個別的,,
particularly,p_y,特別地；尤其是,,
passion,p_n,激情；偏好,,
patch,p_h,片；塊,,
path,p_h,路線；軌道,,
pathway,p_y,途徑；模式,,
patron,p_n,主顧；顧客,,
pay tribute to,p_ t_ t_,尊敬；稱揚,,
peak,p_k,最高的；尖峰的,,
peculiar,p_r,奇特的 ; 獨特的,,
penetrate,p_e,穿透；透過,,
penetrating,p_g,刺鼻的；彌漫的,,
per capita,p_ c_,每人；平均,,
perceive,p_e,察覺; 感知,,
percentage,p_e,比例；比率,,
perceptible,p_e,可察覺的；可見的,,
perceptive,p_e,敏銳的；有洞察力的,,
perfected,p_d,使臻於完美的,,
perform,p_m,執行；履行,,
performer,p_r,作秀者；演奏者,,
perhaps,p_s,也許；可能,,
perilous,p_s,危險的；冒險的,,
perimeter,p_r,周邊；周遭,,
period,p_d,時期；時代,,
periodic,p_c,規律的,,
periphery,p_y,外圍,,
permeate,p_e,穿過；滲透,,
permission,p_n,允許；同意,,
permissive,p_e,容許的；隨意的,,
permit,p_t,允許；許可,,
perpetuate,p_e,使永存 ' 使不朽,,
perpetually,p_y,不斷地；持久地,,
perplexed,p_d,困惑的,,
perseverance,p_e,堅忍；毅力,,
persist,p_t,持續,,
persisted,p_d,持續的,,
persistent,p_t,持久的,,
persistently,p_y,持久地；固執地,,
perspective,p_e,觀點,,
persuade,p_e,說服,,
persuasive,p_e,有說服力的,,
pertain to,p_ t_,相關；關於,,
pertinent,p_t,恰當的；貼切的,,
peruse,p_e,精讀；細閱,,
pesticide,p_e,殺蟲劑,,
phase,p_e,階段；時期,,
phenomenon,p_n,事件(單數名詞),,
phenomena,p_a,現象；事件(複數名詞),,
phenomenally,p_y,非凡地；難以置信地,,
picture,p_e,想像,,
piecemeal,p_l,零碎的；零碎地,,
pinnacle,p_e,頂峰 ; 高點,,
pinpoint,p_t,精確定位；準確定位,,
pioneer,p_r,先驅者；開拓者,,
pioneering,p_g,先驅的；開拓的,,
placid,p_d,平靜的；寧靜的,,
plague,p_e,煩擾；折磨,,
plainly,p_y,清楚地；明顯地,,
plausible,p_e,可能的；大概的,,
pleasant,p_t,愉快的；愜意的,,
pledge,p_e,誓言,,
pleasing,p_g,使人愉快的；令人喜愛的,,
plentiful,p_l,豐富的；有余的,,
plot,p_t,標繪；繪圖,,
plunge,p_e,投入，陷入,,
polish,p_h,磨光；擦亮,,
poll,p_l,民意測驗；民意調查,,
ponder,p_r,沈思；默想,,
pool,p_l,貯存處；容器,,
poor,p_r,不良的；粗劣的,,
poorly,p_y,不足地；缺乏地,,
popular,p_r,流行的；受歡迎的,,
porcelain,p_n,瓷；瓷器,,
pore,p_e,毛孔；細孔,,
portion,p_n,部分；一份,,
portrait,p_t,人像；肖像,,
pose,p_e,呈現；顯示,,
possess,p_s,擁有；具有,,
postulate,p_e,假設,,
potent,p_t,有效的；烈性的,,
potential,p_l,潛在的；可能的,,
potentially,p_y,可能地；潛在地,,
poverty,p_y,貧窮；貧乏,,
practical,p_l,實用的；可行的,,
prairie,p_e,大草原,,
precarious,p_s,不穩定的,,
precede,p_e,居先；先於,,
take precedence over,t_ p_ o_,更優先於,,
precedent,p_t,先例,,
precious,p_s,珍貴的 ; 貴重的,,
precipitate,p_e,促成；引發,,
precipitation,p_n,下雨 ; 降水,,
precipitous,p_s,陡峭的；險峻的,,
precise,p_e,準確的；精確的,,
precisely,p_y,精確地,,
precision,p_n,精確；精確性,,
preclude,p_e,預先排除; 防礙,,
predator,p_r,掠食者,,
predicament,p_t,困境；尷尬處境,,
predict,p_t,預示；預告,,
prediction,p_n,預報；預言,,
predominant,p_t,主要的；突出的,,
predominantly,p_y,主要地；突出地,,
preeminent,p_t,卓越的,,
preeminence,p_e,卓越；突出,,
preface,p_e,序言；序文,,
prefer,p_r,偏好；喜歡,,
prehistoric,p_c,史前的；久遠的,,
preliminary,p_y,最初的；原始的,,
premature,p_e,早熟的 ; 未成熟的,,
premise,p_e,前提；假設,,
preoccupation,p_n,關注點,,
preposterous,p_s,荒謬的；反常的,,
prerequisite,p_e,必要條件 ; 先修課程,,
prescribe,p_e,規定；支配,,
present,p_t,呈現；顯示 (重音在第二音節),,
presently,p_y,現下；目前,,
preservation,p_n,保護；防護,,
preserve,p_e,儲存；維持,,
preside,p_e,負責；統轄,,
pressing,p_g,急迫的；緊急的,,
prestige,p_e,威信; 威望; 名氣,,
prestigious,p_s,有聲望的；有威信的,,
presumably,p_y,大概,,
prevail,p_l,盛行；流行,,
prevailed,p_d,成功，統治,,
prevailing,p_g,盛行的；流行的,,
prevalent,p_t,流行的；普遍的,,
prevent,p_t,制止；阻止,,
previously,p_y,以前；從前,,
prey,p_y,被捕食動物；犧牲品,,
primarily,p_y,主要地；基本上,,
primary,p_y,基本的；初步的,,
primeval,p_l,原始時代的,,
principal,p_l,主要的；首要的,,
principle,p_e,原理；原則,,
prior,p_r,在先；居前,,
prior to,p_ t_,在先；居前,,
pristine,p_e,原始的；初期的,,
private,p_e,私人的；私有的,,
prize,p_e,珍視；重視,,
prized,p_d,貴重的,,
probable,p_e,可能的；大概的,,
probe,p_e,探察,,
procure,p_e,獲得；取得,,
prodigious,p_s,巨大的; 非凡的,,
produce,p_e,產物；產品 (重音在第一音節),,
produce,p_e,生產；製造 (重音在第二音節),,
product,p_t,產品；產物,,
professional,p_l,專業的,,
proficiency,p_y,熟練；精通,,
profoundly,p_y,深深地；萬分地,,
profuse,p_e,豐富的；有余的,,
profusion,p_n,豐富；大量,,
progressive,p_e,漸近的,,
progressively,p_y,逐漸地,,
prohibitively,p_y,禁止性地；有阻礙地,,
project,p_t,突出；凸出 (重音在第二音節),,
project,p_t,項目；工程 (重音在第一音節),,
projections,p_s,預測,,
proliferate,p_e,增殖；增生,,
proliferation,p_n,增加,,
prolific,p_c,多產的；成果豐碩的,,
prolonged,p_d,持續久的；長時期的,,
prominent,p_t,顯著的；卓越的,,
promote,p_e,促進,,
prompt,p_t,準時的；迅速的,,
prompt,p_t,促使；激勵,,
promptly,p_y,迅速地；立刻地,,
pronounced,p_d,重要的,,
pronouncement,p_t,聲明,,
propagate,p_e,使繁衍: 傳播,,
propel,p_l,推進；推展,,
proper,p_r,適當的；合適的,,
property,p_y,性質,,
propogate,p_e,散播,,
proponent,p_t,支援者,,
proportion,p_n,比例,,
propose,p_e,提議,,
prospect,p_t,預期 ; 期望,,
prospector,p_r,投機客,,
prospective,p_e,未來的；潛在的,,
prosper,p_r,成功 ; 發達,,
prosperity,p_y,昌盛；繁榮,,
prosperous,p_s,富裕的,,
prototype,p_e,原型；範例,,
protrude,p_e,突出；伸出,,
prove,p_e,證實；確認,,
provide,p_e,供應；提供,,
provided,p_d,倘若,,
provision,p_n,規定；條款,,
provocation,p_n,激怒；刺激,,
provoke,p_e,誘發；激起,,
proximity,p_y,接近；附近,,
pump,p_p,抽（液體）；抽動,,
puncture,p_e,刺穿；刺破,,
pungent,p_t,刺激的；辛辣的,,
pure,p_e,純淨的；完美的,,
purely,p_y,全然地；僅僅地,,
purify,p_y,淨化；精練,,
pursue,p_e,追捕；從事,,
pursuit,p_t,追求；尋求,,
put off,p_ o_,延期；延遲,,
put up,p_ u_,提供；債款,,
put up with,p_ u_ w_,容忍；忍受,,
puzzle,p_e,難題；謎　使費解；使困惑,,
puzzling,p_g,使人費解的；令人困惑的,,
quantify,q_y,衡量,,
quantity,q_y,數；數量,,
quarantine,q_e,隔離；檢疫,,
quarter,q_r,四分之一；四等分,,
quarterly,q_y,季度地；按季度,,
quest,q_t,尋找；探索,,
quite,q_e,相當；頗為,,
radiant,r_t,發光的；輻射的,,
radically,r_y,根本地；截然地,,
radically,r_y,偏激地,,
rage,r_e,憤怒,,
raid,r_d,襲擊；侵略,,
raise,r_e,飼養；養育,,
ramification,r_n,後果,,
random,r_m,任意的；隨機的,,
rank,r_k,銜，官階,,
radical,r_l,極端地,,
rapidly,r_y,迅速地；快捷地,,
rapport,r_t,密切關係,,
rare,r_e,稀有的；罕見的,,
rarely,r_y,很少；難得,,
rather,r_r,相反；相反地,,
rather,r_r,相當；頗,,
rather than,r_ t_,而不是,,
ratify,r_y,同意；批准,,
ratio,r_o,比例,,
rational,r_l,理性的 ；符合邏輯的,,
raucous,r_s,喧鬧的；嘈雜的,,
reach,r_h,達成；取得,,
react,r_t,回應；適應,,
readily,r_y,容易地；很快地；樂意地,,
realization,r_n,認識；意識,,
realm,r_m,領域,,
reap,r_p,斬獲；接受,,
rear,r_r,培養；飼養,,
reasonably,r_y,合理地；經濟地,,
rebate,r_e,折扣；回扣,,
rebound,r_d,復原；復興,,
recall,r_l,記得,,
receive,r_e,接受；接收,,
reckless,r_s,不負責任的,,
recklessly,r_y,鹵莽地；粗心地,,
recognition,r_n,賞識；關注,,
recognize,r_e,承認；辨認,,
recognized,r_d,被認可的,,
recollection,r_n,記憶；回憶,,
recommend,r_d,推薦,,
reconstruct,r_t,重建,,
record,r_d,記錄；記載 (重音在第二音節),,
recorded,r_d,已紀錄的,,
recount,r_t,敘述；講述,,
recover,r_r,回收；尋回,,
recruit,r_t,徵募；補充,,
rectify,r_y,改造；修正,,
recur,r_r,重現；重複,,
recycle,r_e,回收；反覆使用,,
readily,r_y,敏捷地,,
reduce,r_e,減少,,
redundancy,r_y,重複,,
refine,r_e,改良,,
reflect,r_t,反映；顯示,,
reform,r_m,改善；改革；改良,,
refreshing,r_g,清新的；清爽的,,
regarded,r_d,被視為,,
regardless of,r_ o_,罔顧；不管,,
regimes,r_s,政府 ; 政權,,
region,r_n,地區；區域,,
regularly,r_y,有規律地；慣常地,,
regulate,r_e,調節；控制,,
reign,r_n,統治,,
reimburse,r_e,償還；補償,,
reinforce,r_e,加強；強化,,
rekindled,r_d,重新燃起的,,
relate,r_e,相關；關聯 (重音在第二音節),,
relative,r_e,相關的；相對的 (重音在第一音節),,
relatively,r_y,相對地；比較地,,
release,r_e,釋放；發出,,
relentless,r_s,無情的 (甚麼狀況都不止息的),,
reliable,r_e,可靠的,,
reliably,r_y,可靠地；可信地,,
reliance,r_e,依靠,,
relics,r_s,遺物; 遺跡,,
reluctant,r_t,不情願的；勉強的,,
reluctantly,r_y,不情願地；勉強地,,
rely on,r_ o_,依靠,,
remain,r_n,維持；保持,,
remark,r_k,評論；議論,,
remarkable,r_e,異常的；非凡的,,
remedy,r_y,醫治；治愈,,
remember,r_r,回憶；記起,,
remnants,r_s,殘餘；殘跡,,
remote,r_e,遙遠的,,
render,r_r,提供；履行,,
renowned,r_d,著名的；有名的,,
repeatedly,r_y,反覆地；多次地,,
repel,r_l,排斥；對抗,,
replace,r_e,取代,,
replenish,r_h,補充,,
representative,r_e,典型的,,
reproduce,r_e,複製 ; 繁殖,,
require,r_e,要求；堅持,,
rescue,r_e,營救；挽救,,
research,r_h,研究；探索,,
resemble,r_e,相似；類似,,
reservoir,r_r,貯藏所；蓄水池,,
reshape,r_e,改變形式；改變性質,,
reside on,r_ o_,居住；生存,,
resident,r_t,居民,,
residual,r_l,殘餘地；剩餘地,,
resign,r_n,放棄,,
resist,r_t,經受住；抵擋住,,
resistance,r_e,反對,,
resolute,r_e,堅決的；果斷的,,
resolutely,r_y,堅決地；果斷地,,
resolve,r_e,決議；解決,,
resonant,r_t,洪亮的；共鳴的,,
resource,r_e,資源；才能,,
respect,r_t,方面；側面,,
respectively,r_y,個別地,,
respiration,r_n,呼吸,,
responsibility,r_y,責任；任務,,
restore,r_e,恢復原狀,,
restrict,r_t,限制；約束,,
restrictions,r_s,限制,,
restrictive,r_e,限制性；約束性,,
resume,r_e,繼續；恢復 (重音在第二音節),,
retain,r_n,保留；維持,,
retarding,r_g,阻礙的 ; 妨礙的,,
retreat from,r_ f_,退出；退卻,,
retrieve,r_e,取回；找回,,
revolutionized,r_d,根本上地改變,,
reveal,r_l,透露 ; 顯露,,
revere,r_e,尊敬,,
reverence,r_e,尊敬；敬仰 (重音在第一音節),,
reversible,r_e,可以逆轉的,,
revert to,r_ t_,恢復；複歸,,
revise,r_e,修正；改造,,
revoke,r_e,吊銷；取消,,
revolutionize,r_e,變革；徹底改變,,
rewarding,r_g,有益的,,
rhythm,r_m,節奏；格調,,
rich,r_h,富饒的,,
ridicule,r_e,取笑；嘲笑,,
rigid,r_d,固定的,,
rigorous,r_s,嚴格的,,
ripe,r_e,成熟的,,
rise,r_e,出現；浮現,,
risk,r_k,風險；危險,,
risky,r_y,危險的；冒險的,,
ritual,r_l,儀式；典禮,,
rival,r_l,競爭,,
roam,r_m,漫遊；閒逛,,
robust,r_t,強健的；堅強的,,
root,r_t,n.起源；v.根源於,,
roster,r_r,名單 ; 清單,,
rotate,r_e,輪流；更迭,,
rotting,r_g,腐爛,,
rough,r_h,粗糙的；不光滑的,,
roughly,r_y,粗略地；大致上,,
routinely,r_y,常規地；慣常地,,
rudimentary,r_y,原始的；簡單的,,
ruefully,r_y,沮喪的；悲觀的,,
rugged,r_d,崎嶇不平的,,
ruin,r_n,毀滅；毀壞,,
rule out,r_ o_,取消；排除,,
run,r_n,經營；管理,,
run out,r_ o_,用完；耗光,,
runoff,r_f,流水,,
rupture,r_e,破裂；裂開,,
rural,r_l,農村的；田園的,,
rushing,r_g,急流的,,
ruthlessly,r_y,無情地；冷酷地,,
safeguard,s_d,保障；保護,,
safety,s_y,安全；保障,,
saline,s_e,鹽的；鹹的,,
salute,s_e,問候；行禮,,
salvage,s_e,打撈；搶救；回收廢物,,
sanction,s_n,批准；同意,,
sap,s_p,(樹木的)汁液,,
sanitation,s_n,衛生；健康狀態,,
saturate,s_e,浸透；飽和,,
save,s_e,除．．．之外,,
scale,s_e,測量 (v.) ; 尺寸 (n.),,
scan,s_n,審視；瀏覽,,
scanty,s_y,僅有的,,
scarce,s_e,稀缺的；珍貴的,,
scarcely,s_y,稀缺；珍貴,,
scarcity,s_y,短缺,,
scatter,s_r,散開,,
scenario,s_o,(劇本的)情節,,
scene,s_e,場景；現場,,
scenic,s_c,天然景色；景色優美的,,
segregated,s_d,隔離的,,
scheme,s_e,陰謀；策劃,,
scholarly,s_y,學人的；好學的,,
scope,s_e,範圍；視野,,
score,s_e,樂譜,,
scrupulously,s_y,謹慎地；小心地,,
scrutiny,s_y,檢查；監視,,
scurrying,s_g,急趕,,
secession,s_n,脫離；退出,,
secluded,s_d,偏僻的；遙遠的；隔絕的,,
secrete,s_e,分泌出,,
secure,s_e,獲得；取得,,
secure,s_e,安全的,,
sedentary,s_y,不移棲的,,
seek,s_k,尋求；尋找；試圖；企圖,,
seem,s_m,似乎；好像,,
seep,s_p,滲流,,
seemingly,s_y,表面上；外觀上,,
segment,s_t,部分；片段,,
seize,s_e,抓住；掌握,,
seldom,s_m,很少；幾乎不,,
select,s_t,選拔；挑選,,
selection,s_n,待選物；多種類,,
self-esteem,s_m,自尊；自負,,
self-reliant,s_t,自力更生的,,
sensation,s_n,感覺；知覺,,
sensational,s_l,轟動的；驚人的,,
sense,s_e,感覺；領悟,,
sensitive,s_e,敏感的；微妙的,,
sentiment,s_t,意見；觀點,,
sentimental,s_l,傷感的；多愁善感的,,
separate,s_e,單獨的；分離的,,
sequence,s_e,順序；系列,,
sequential,s_l,按照次序的,,
set,s_t,確定；安置,,
set it apart,s_ i_ a_,區分;區別,,
set off,s_ o_,出發；開始,,
set up,s_ u_,設立；安排,,
setting,s_g,背景；環境,,
settle,s_e,決定；解決,,
settle,s_e,定居；安家,,
settled,s_d,固定的,,
settlement,s_t,村落；新拓居地,,
sever,s_r,切斷 ; 遮斷,,
severe,s_e,猛烈的；嚴酷的 ,,
severity,s_y,嚴酷,,
sharp,s_p,清晰的；急劇的,,
sharply,s_y,急劇地；陡峭地,,
shed light on,s_ l_ o_,闡明；解釋,,
sheen,s_n,光澤；光輝,,
shelter,s_r,掩蔽；遮蔽,,
shield,s_d,保護；避開,,
shift,s_t,改變；變動,,
shock,s_k,震動；震怒,,
show,s_w,顯示；表明,,
shrink,s_k,收縮；縮小,,
shrub,s_b,灌木；灌木叢,,
shun,s_n,迴避；躲開,,
shy,s_y,膽怯的；羞怯的,,
side effect,s_ e_,副作用,,
significance,s_e,重要性,,
significant,s_t,有重要意義的 ; 明顯可觀的,,
similar,s_r,相似的；類似的,,
simultaneously,s_y,同時發生；同時進行,,
single,s_e,單個的；專一的,,
single-handedly,s_y,單獨地；孤立地,,
site,s_e,地點；場所,,
skeptical,s_l,懷疑的,,
skepticism,s_m,懷疑主義；懷疑態度,,
sketch,s_h,速寫；素描,,
sketch,s_h,概略；梗概,,
skill,s_l,技能；技巧,,
skilled,s_d,熟練的；擅長的,,
skip,s_p,不參加；缺席,,
skyrocket,s_t,猛漲，突增,,
slender,s_r,細長的；纖弱的,,
slight,s_t,微小的；細微的,,
slightly,s_y,輕微；少量,,
slim,s_m,苗條的；細長的,,
sluggish,s_h,遲鈍的；緩慢的,,
smart,s_t,聰明的；機敏的,,
smudge,s_e,弄髒；塗汙,,
snap,s_p,折斷；拉斷,,
soak,s_k,浸泡在水裡,,
soar,s_r,向上竄升,,
society,s_y,社會,,
sole,s_e,唯一的；單獨的,,
solemn,s_n,嚴肅的；莊重的,,
solemnly,s_y,嚴肅地；憂郁地,,
solidarity,s_y,團結,,
solidify,s_y,鞏固；保障,,
solitary,s_y,單獨的；獨居的,,
solitude,s_e,孤獨；寂寞,,
sophisticated,s_d,複雜的,,
sort,s_t,種類；類別,,
sort out,s_ o_,挑選出,,
sour,s_r,酸味的；酸腐的,,
source,s_e,根源；水源,,
sovereign,s_n,主權的；獨立的,,
sow,s_w,播種；種植,,
span,s_n,橫跨；跨越,,
spanning,s_g,包含,,
spark,s_k,激發；發動,,
sparse,s_e,稀疏的,,
sparsely,s_y,稀少地；稀疏地,,
spawn,s_n,醞釀；引起,,
specimen,s_n,樣本,,
speck,s_k,微粒；小點,,
speculate,s_e,推測；假設,,
spell,s_l,闡明；講清,,
spin,s_n,旋轉；疾馳,,
spine,s_e,脊骨；脊柱,,
spiny,s_y,多刺的；刺狀的,,
splendor,s_r,光輝；光彩,,
splice,s_e,拼接；交接,,
split,s_t,劈開；切開,,
spoil,s_l,變壞；腐敗,,
spontaneous,s_s,自生的,,
sporadic,s_c,偶然的 ; 斷斷續續的,,
spot,s_t,看出；發現,,
spot,s_t,場所；地點,,
spread,s_d,傳開；蔓延,,
spring up,s_ u_,出現；發生,,
spur,s_r,刺激；激勵,,
squash,s_h,擠壓；碾壓,,
squirt,s_t,噴洒；噴出,,
stable,s_e,穩定的；不變的,,
stage,s_e,時期；階段,,
staggering,s_g,壓倒的；壓倒之勢的,,
stagnation,s_n,停滯不前,,
stain,s_n,褪色；變色,,
stalk,s_k,主莖；花梗,,
stamina,s_a,耐力；精力,,
stand,s_d,v.忍受；經受n.立場；態度,,
stand for,s_ f_,代表；象徵,,
standard,s_d,規範的,,
standard,s_d,標準,,
standardized,s_d,標準的；統一的,,
standing,s_g,停滯的；不流動的,,
standpoint,s_t,觀點；立場,,
staple,s_e,大宗物品；流行的東西,,
startled,s_d,驚人的,,
startling,s_g,驚人的,,
stately,s_y,雄偉的；堂皇的,,
static,s_c,靜止的；不動的,,
stationary,s_y,不變的；靜止的,,
steadfast,s_t,堅定的；不變的,,
steadfastly,s_y,堅定地；堅信地,,
steadily,s_y,持續地；穩定地,,
stem from,s_ f_,起源；導源,,
stern,s_n,嚴厲的；苛刻的,,
stick to,s_ t_,黏住；釘住,,
stiff,s_f,僵硬的；剛強的,,
stiffness,s_s,僵硬；剛強,,
still,s_l,靜止的；不動的,,
stimulate,s_e,激發；促進,,
stink,s_k,發惡臭,,
stipulated,s_d,規定的 ；要求的,,
stir,s_r,激起；鼓動,,
store,s_e,貯存,,
straightforward,s_d,簡單明瞭的,,
strain,s_n,緊張；勞累,,
strain,s_n,拉緊，重壓,,
strand,s_d,一股；一縷,,
strange,s_e,陌生的；不熟悉的,,
strategy,s_y,戰略；策略,,
stratum,s_m,地層；階層 (複數是strata),,
stray,s_y,迷路 ; 失散,,
streamlined,s_d,流線型的,,
strenuous,s_s,劇烈的；艱苦的,,
strenuously,s_y,強烈地；激烈地,,
stress,s_s,強調,,
stress,s_s,壓力；緊張,,
stretch,s_h,伸展；鋪開　拉直；拉長,,
stretched out,s_ o_,伸長的,,
strict,s_t,嚴密的；精確的,,
strictly,s_y,嚴格地,,
strike,s_e,v.打火；碰撞；接觸　n.罷工,,
striking,s_g,顯著的；驚人的,,
strikingly,s_y,顯著地；驚人地,,
stringent,s_t,嚴格的；嚴厲的,,
strongly,s_y,強烈地；極力地,,
struggle,s_e,競爭,,
stubborn,s_n,執拗的；固執的,,
stumble,s_e,絆倒；跌倒,,
stun,s_n,使暈眩；使吃驚,,
stunt,s_t,阻礙；妨礙,,
subdue,s_e,使服從 ; 克服,,
subject to,s_ t_,易受影響的；遭受影響的,,
submarine,s_e,水下的；海底的,,
submerge,s_e,浸沒；淹沒,,
submit,s_t,呈送；提交,,
subsequent,s_t,後來的,,
subsequently,s_y,隨後；後來,,
subside,s_e,平息；平靜,,
subsidiary,s_y,輔助機構；附屬機構,,
subsidize,s_e,資助；贊助,,
subsistence,s_e,生存能力,,
subsidy,s_y,生存 ; 存活,,
substance,s_e,物質,,
substantial,s_l,堅固的；結實的,,
substantiated,s_d,證實的,,
substitute,s_e,v.代替；n.替代物,,
substitute for,s_ f_,v.代替；n.替代物,,
subterranean,s_n,地下的,,
subtle,s_e,細微的,,
succeeding,s_g,接續的,,
successful,s_l,成功的；有成就的,,
successive,s_e,後續的,,
succinct,s_t,簡潔的；簡練的　,,
succumb,s_b,屈服；屈從,,
suddenly,s_y,突然地；意外地,,
sufficient,s_t,足夠的；充足的,,
suggest,s_t,提出；提議,,
suit,s_t,適合；適應,,
suitable,s_e,適宜的,,
sum,s_m,總數；總和,,
summit,s_t,頂點；極點,,
sumptuous,s_s,豪華的；奢侈的,,
supplant,s_t,取代；替代,,
supplement,s_t,補充品,,
supplement,s_t,補充，增加,,
supplemental,s_l,額外的,,
support,s_t,支援；支撐,,
supposedly,s_y,想像地；表面上,,
suppress,s_s,抑制；壓制,,
supremacy,s_y,至高無上；支配地位,,
supreme,s_e,最大的；極度的,,
sure,s_e,必然的；確定的,,
surge,s_e,浪潮；躍進,,
surge,s_e,急劇增加,,
surmise,s_e,推測；猜測,,
surpass,s_s,超越；勝過,,
surplus,s_s,剩餘的；額外的,,
surplus,s_s,盈餘,,
surround,s_d,包圍；環繞,,
survival,s_l,倖存；殘存,,
susceptible to,s_ t_,易受到襲擊的(影響的),,
suspend,s_d,掛；懸掛,,
suspense,s_e,懸掛；意念,,
suspicious of,s_ o_,可疑的；多疑的,,
sustain,s_n,維持；繼續；遭受；蒙受,,
sustain,s_n,維持；維繫,,
sustenance,s_e,生計；食物,,
swarm,s_m,群集；湧進,,
sway,s_y,動搖；說服,,
sweat,s_t,出汗,,
swell,s_l,膨脹,,
swiftly,s_y,迅速地；敏捷地,,
swirl,s_l,旋轉；打旋,,
switch on,s_ o_,開啟,,
symmetrical,s_l,對稱的；勻稱的,,
symmetry,s_y,對稱；勻稱,,
symptom,s_m,徵兆；徵候,,
synthesis,s_s,綜合；合成,,
synthesize,s_e,綜合；結合,,
synthetic,s_c,人造的；合成的,,
synthetically,s_y,合成地；人造地,,
systematically,s_y,系統地；有序地,,
taboo,t_o,忌諱的；禁止的,,
tacitly,t_y,緘默的；默許的,,
tactic,t_c,戰術；策略,,
take into account,t_ i_ a_,考慮 ; 重視,,
take off,t_ o_,起飛；離開,,
take place,t_ p_,出現；發生,,
tale,t_e,傳說；故事,,
tame,t_e,馴服；製服,,
tangible,t_e,實體的,,
tangled,t_d,纏結的；紊亂的,,
tantamount,t_t,相當於；相等於,,
tactic,t_c,戰術；策略,,
tap,t_p,開採,,
tardy,t_y,遲到的；遲的,,
task,t_k,工作；任務,,
taste,t_e,味道；味覺；愛好；興趣,,
tedious,t_s,使人厭煩的；冗長乏味的,,
teem with,t_ w_,充滿；富於,,
telling,t_g,有效的；有力的,,
temperate,t_e,適度的；溫和的；,,
tempting,t_g,誘人的,,
tenaciously,t_y,頑強地；不屈不撓地,,
tend,t_d,照顧；照料　趨向；傾向,,
tension,t_n,緊張,,
term,t_m,n.詞語；術語　v.稱作；叫做,,
term,t_m,n.詞語；術語　v.稱作；叫做,,
terminate,t_e,結束；終止,,
terrain,t_n,地域；地帶,,
terrestrial,t_l,陸上的；陸棲的,,
terrify,t_y,恐怖；驚嚇,,
terse,t_e,簡潔的；精練的,,
textile,t_e,紡織品；紡織原料,,
thanks to,t_ t_,由於；多虧,,
thatch,t_h,編織,,
thaw,t_w,融化；解凍,,
theme,t_e,題目；主題,,
thereby,t_y,由此；從而,,
therefore,t_e,因此；所以,,
think highly of,t_ h_ o_,欽佩；羨慕,,
thorough,t_h,徹底的；完善的,,
threateningly,t_y,威脅地；恫嚇地,,
threshold,t_d,門檻,,
thrill,t_l,刺激；興奮,,
thrive,t_e,繁榮；興旺,,
thriving,t_g,繁榮的；興旺的,,
throughout,t_t,prep.始終　ad.到處,,
throw away,t_ a_,扔掉；放棄,,
thrust,t_t,突起；延伸,,
thus,t_s,於是 ; 因此,,
tidy,t_y,整齊的；整潔的,,
tier,t_r,（一）層；（一）排,,
till,t_l,耕耘 ; 翻土,,
timber,t_r,木材；木料,,
timid,t_d,膽怯的；怕人的,,
tiny,t_y,極小的；微小的,,
tiresome,t_e,令人厭倦的；使人疲勞的,,
tolerate,t_e,忍受；忍耐,,
topography,t_y,地勢 ; 地形,,
touching,t_g,動人的；感傷的,,
tough,t_h,堅韌的；頑強的,,
toxin,t_n,毒素,,
trace,t_e,痕跡；遺跡,,
trace,t_e,v.追蹤；聯繫　n.痕跡；遺跡,,
track,t_k,追蹤;偵測,,
trade,t_e,交換；交易,,
trade-off,t_f,妥協 ; 取捨,,
tradition,t_n,慣例；道統,,
trait,t_t,品性；特性,,
tranquil,t_l,安寧的；平靜的,,
tranquility,t_y,安寧；平靜,,
transform,t_m,改變,,
trap,t_p,抓住；止住,,
traumatic,t_c,創傷的,,
traverse,t_e,橫跨；穿過,,
treasure,t_e,珍藏；秘藏,,
tremendous,t_s,巨大的；驚人的,,
tremendously,t_y,巨大地；驚人地,,
trend,t_d,趨勢；趨向,,
tributary,t_y,支流,,
trigger,t_r,觸發；引起,,
trivial,t_l,微不足道的,,
troublesome,t_e,討厭的；厭煩的,,
truly,t_y,真正地；確實地,,
tumultuous,t_s,紛亂的,,
turbulent,t_t,洶湧的；狂暴的,,
turn down,t_ d_,拒絕；駁回,,
turn into,t_ i_,變成；成為,,
typical,t_l,典型的；有代表性的,,
typically,t_y,典型地；有代表性地,,
typify,t_y,代表，表現,,
ubiquitous,u_s,普遍存在的；無處不在的,,
ultimately,u_y,最終；終究,,
unattended,u_d,無人照管的；未被注意的,,
unbroken,u_n,未被中斷的；繼續不斷的,,
uncanny,u_y,不可思議的,,
unconsolidated,u_d,鬆散的,,
uncover,u_r,暴露；發掘,,
uncustomary,u_y,不普遍的；不平常的,,
undergo,u_o,經歷,,
undergoing,u_g,經歷　,,
underground,u_d,地下的；地面的,,
underlie,u_e,構成基礎,,
underlying,u_g,根本的；基礎的,,
underscore,u_e,強調,,
undertake,u_e,從事；進行,,
undisputed,u_d,無爭議的,,
undoubtedly,u_y,無疑地；肯定地,,
unemployed,u_d,失業的；未被僱佣的,,
unequivocally,u_y,明確地；不含糊地,,
unfavorable,u_e,負面的 ; 不受歡迎的,,
uniform,u_m,一致的；相同的,,
uniformly,u_y,一致地；始終如一地,,
unique,u_e,獨特的；無比的,,
universally,u_y,普遍地；一般地,,
unlike,u_e,不象；不同於,,
unlikely,u_y,不可能的；靠不住的,,
unmatched,u_d,無比的；無敵的,,
unprecedented,u_d,空前的,,
unpromising,u_g,不利的,,
unquestionably,u_y,毫無疑問地；無可非議地,,
unravel,u_l,解開；闡明,,
unrestrained,u_d,無控制的；無限制的,,
unrestricted,u_d,無限制的；自由的,,
unrivaled,u_d,無敵的；無比的,,
unsettling,u_g,令人困擾的,,
unskillfully,u_y,不熟練地；笨拙地,,
unstable,u_e,困擾的；不穩定的,,
unsubstantiated,u_d,未證實的；未核實的,,
unwieldy,u_y,笨拙的；不實用的,,
upgrade,u_e,改進；提升,,
upheaval,u_l,劇變；動盪,,
uphold,u_d,堅持；維持,,
upkeep,u_p,維修,,
upright,u_t,直立的；垂直的,,
upset,u_t,打擾；攪亂,,
upside-down,u_n,顛倒的,,
up-to-date,u_e,最近的；現代的,,
urge,u_e,極力主張；強烈要求,,
urged,u_d,催促，鼓勵,,
urgently,u_y,緊急地；急迫地,,
usually,u_y,通常地；慣常地,,
utilitarian,u_n,實用的,,
utter,u_r,說話；發聲,,
utterly,u_y,完全地；絕對地,,
vacant,v_t,空缺地；空虛地,,
vague,v_e,模糊的；不精確的;簡單的,,
valuable,v_e,寶貴的；有價值的,,
valued,v_d,寶貴的；珍貴的,,
variable,v_e,變量；原素,,
variation,v_n,變化；變動,,
various,v_s,不同的,,
vary,v_y,變化；改變,,
vast,v_t,巨大的；廣闊的,,
vehicle,v_e,遠載工具,,
vein,v_n,靜脈；血管,,
velocity,v_y,速度；速率,,
veneration,v_n,尊敬；崇拜,,
venom,v_m,毒液；毒藥,,
venomous,v_s,有毒的；有害的,,
ventilation,v_n,通風；通氣,,
venture,v_e,冒險；冒險行動,,
verdict,v_t,裁決；決定,,
verge,v_e,瀕臨,,
verify,v_y,證實；核實,,
versatile,v_e,多方適用的；多才多藝的,,
very closely,v_ c_,親密；密切,,
vessel,v_l,船；艦,,
vestige,v_e,遺跡；殘餘,,
vexing,v_g,困難的,,
via,v_a,透過；經由,,
viability,v_y,生存能力,,
viable,v_e,可行的,,
vibrant,v_t,有活力的；明亮的,,
vicinity,v_y,近處；近鄰,,
vie for,v_ f_,競爭；對抗,,
view,v_w,觀點；見解,,
vigorous,v_s,強力的 ; 積極的,,
vigorously,v_y,強有力地,,
virtual,v_l,幾乎,,
virtually,v_y,實際上　幾乎,,
vital,v_l,極其重要的；必不可少的,,
vitality,v_y,活力,,
vivid,v_d,鮮豔的；鮮明的,,
visible,v_e,可以看到的,,
vocal,v_l,有聲的；人聲的,,
vocation,v_n,行業,,
vogue,v_e,時髦；時尚,,
void,v_d,無效的；作廢的,,
volunteer,v_r,自願從事；自願提供,,
voyage,v_e,航行；航程,,
vulnerable,v_e,易受影響的,,
wage,w_e,工資；報酬,,
wane,w_e,衰退；沒落；減小；變弱,,
ward off,w_ o_,擋住；避開,,
warily,w_y,謹慎地；警惕地,,
warn,w_n,警戒；警告,,
warrior,w_r,戰士；鬥士,,
wave,w_e,浪潮；高潮,,
weaken,w_n,減弱；沖淡,,
wear away,w_ a_,磨損；消逝,,
wear out,w_ o_,損耗；磨損,,
weariness,w_s,疲乏；厭倦,,
weary,w_y,疲乏的；厭倦的,,
weave,w_e,編織；織編,,
wedge,w_e,嵌入；塞入,,
weight,w_t,重量；體重,,
weirdly,w_y,不可思議地；奇特地,,
well-being,w_g,福利；福祉,,
well-known,w_n,著名的；有名的,,
whether,w_r,是否,,
while,w_e,而；然而,,
whole,w_e,全部的；整個的,,
wholeheartedly,w_y,全神貫注地；一心一意地,,
wholesome,w_e,有益健康的,,
wide,w_e,廣泛的；普遍的,,
widely,w_y,廣泛地；普遍地,,
widespread,w_d,廣泛的；普遍的,,
wild,w_d,野生的；未馴服的,,
wildly,w_y,狂暴地；猛烈地,,
will,w_l,意志；決心,,
win,w_n,獲得；博得,,
wind up,w_ u_,結束,,
wipe out,w_ o_,毀滅；消滅,,
with respect to,w_ r_ t_,關於,,
withdraw from,w_ f_,撤退；退出,,
wither,w_r,枯萎；凋謝,,
withhold,w_d,扣留；保留,,
within,w_n,在．．．裡面；在．．．以內,,
withstand,w_d,忍受 ; 承受,,
witness,w_s,目睹；目擊,,
witty,w_y,機智的；詼諧的,,
wobble,w_e,搖擺；晃動,,
worldwide,w_e,全球性的；世界性的,,
worship,w_p,崇拜；尊敬,,
yearly,y_y,每年的；年度的,,
yeast,y_t,酵母菌,,
yield,y_d,產量,,
yield,y_d,生長；出產,,
zenith,z_h,頂點；頂峰,,
