a handful of,小撮；一把
a setback to,挫折；障礙
a wealth of,大量
abandon,放棄;拋棄
abbreviate,縮寫;節略
abnormally,反常地;異常地
abolish,取消;廢除
abolished,廢止的
abound in,充滿;盛滿
abroad,在國外;到國外
abrupt,突然的;意外的
abruptly,突然地;意外地
abstract,摘要;概括
abundance,大量
abundant,豐富的 ; 充裕的
abundantly,充裕地 ;大量地
accelerate,加速；加大
accept,接受 ; 認可
access,進入 ; 接近
accessible,易得到的 ; 易接近的
acclaim,歡呼 ; 喝采   
acclaim,承認 ; 公認
accommodate,容納 ; 運營
accommodation,招待設備 ; 膳宿供應
accompany,伴隨 ; 陪同
in accord with,與..一致
accordingly,因此
account,報告
account for,解釋 ; 說明
account for,構成 ; 解釋 (要看上下文)
accretion,增加 ; 累積
accumulate,累積；積聚
accumulation,累積
accurate,精確的 ; 準確的
be accustomed to,習慣於
achievement,成就 ; 成績
acknowledge,認知 ; 認可
acquaint with,了解 ; 認識
acquire,獲得 ; 取得
actively,積極地 ; 主動地
actually,實際上 ; 事實上
acute,尖銳的
adapt,變化 ; 適應
adaptation,改變 ; 變化
address,演說 ; 致辭
adept,熟練的
adequate,充分的 ; 足夠的
adhere,黏附；膠著
adjacent,鄰近的 ; 毗鄰的
adjoining,毗鄰的 ; 鄰近的
administered,管理
admire,羨慕 ; 欽佩
adopt,採用 ; 正式透過
adorn,裝飾
adornment,裝飾 ; 裝飾品
adult,成熟的 ; 成年的
advantage,有利
advantageous,有利的；有益的
advent,出現 ; 到來
adverse,有害的 ; 負面的
adversely,不利地；有害地
advocate,倡導者；辯護者
advocate,提倡 ; 倡議
aesthetically,審美地；美學地
affect,影響
affection,慈愛 ; 鐘愛
affectionately,充滿深情地 ; 親切地
affliction,折磨 ; 苦惱
affluence,富裕 ; 豐富
affluent,富裕的
afford,提供
affordable,負擔得起的
aggressive,好鬥的
agrarian,農業的 ; 耕地的
aggregation,群聚
ahead of,在…之前;在…前面
aid,幫助 ; 援助
aided,幫助
aim,目標 ; 目的
akin to,近似的
alarm,驚恐 ; 警覺
alert,機敏的
alliance,結盟
allegedly,所謂地
allegiance,忠誠 ; 忠心
alliance,聯盟 ; 同盟
allocate,分派 ; 配給
allude to,暗示 ; 提到
almost,幾乎 ; 差不多
alongside,傍靠 ; 緊靠
alter,改變 ; 變化 ; 調整
alteration,翻新 ; 整修
alternately,輪流地;交替地
alternative,替代；替代物
altitude,海拔 ; 高度
altogether,完全地
amass,累積
ambiguous,模糊的
ambition,野心 ; 抱負 ; 目標
ambitious,有野心的 ; 有抱負的
ambivalence,矛盾心理 ; 猶豫不決
amenity,舒適 ; 安逸
ample,充足的
an impetus to,刺激；推展
analogy,類似 ; 比擬
ancestor,祖先 ; 祖宗
anchor,弄牢 ; 固定
ancient,古老的 ; 古代的
annihilate,消滅；征服
annoying,惱人的 ; 討厭的
annual,每年的 ; 年度的
anonymous,無名的 ; 匿名的
antecedent,先輩
anticipate,期待；盼望
antique,古式的 ; 舊式的
anxious,渴望的 ; 焦慮的
apparent,明顯的
apparently,似乎 ; 好像
appeal,吸引力
appealing,有感染力的 ; 吸引人的
appear,似乎;好像
applaud,鼓掌 ; 喝采
appoint,選派 ; 任命
appreciably,明顯地 ; 相當地
appreciate,鑑賞 ; 賞識
appreciation,鑑賞；鑑別
approach,靠近 ; 接近
appropriate,適當的 ; 適宜的
approximate,估計 
approximately,近似 ; 大約
apt,貼切的 ; 恰當的
aptly,適當地
aquatic,水生的
arable,可耕種的
arbitrarily,任意地 ; 專橫地
ardent,熱心的 ; 熱情的
arid,乾旱的 ; 乾枯的
aromatic,芳香的 ; 芬芳的
arouse,喚起 ; 激發
arrange,安排 ; 整理
an array of,一系列的
article,物品；物體
artifact,文物
artificial,人工的 ; 合成的
as a result of,由於；因為
as well as,也；又
ascend,攀升；升高
ascertain,查明 ; 確定
aspiration,志氣；抱負
assemble,裝配；組合
assembly,集合；集會
assert,宣稱；斷言
assess,評估
asset,優點；長處
assimilate,同化 ; 吸收
assist,幫助；援助
associate,聯合；聯繫
assortment,形形色色；各式各樣
assume,採取(態度) ; 負起(責任)
assumption,設想；假定
astonishing,驚人的；震驚的
astonishment,驚奇 ; 驚愕
at once,立即；馬上
atmosphere,大氣；空氣
attach,依附；黏結
attachment,依戀；偏好
attain,達到
attempt,v. 嘗試　n. 努力
attend,出席；參加
attractive,吸引人的；有感染力的
attribute,品性 ; 屬性
attribute to,被認為；被鑑定為　
austere,嚴格的 ; 嚴厲的
authentically,真正地；地道地
authorities,專家 ; 權威人士
authorize,授權；批准
automatically,自動地；無意識地
autonomous,獨立的；自主的
autonomy,自治；自主
available,可得到的；可利用的
avert,擋開；防止
avid,渴望的；熱心的
award,授予；給予
awe,敬畏；畏懼
awesome,令人敬畏的；令人驚奇的
baffle,迷惑；困惑
balance,平衡；均衡
ban,禁止；阻止
band,n.條紋、帶；v.聯合；結合
bar,攔阻；禁止
barren,貧瘠的；不毛的
barrier to,障礙；妨礙
barter,易貨貿易；以物易物
basically,基本地；主要地
battle,v./n.戰鬥；鬥爭
be fond of,喜愛；愛好
be preoccupied with,出神的；全神貫注的
beam,光束；光線
bear,承擔；支撐
begin,開始；著手
behavior,行為；舉止
behind,在．．．後面
behold,觀看；注視
belong to,屬於；附屬
beneath,在．．下方；在．．之下
beneficial,有利的；有益的
besides,除此之外
better,改善；促進
beverage,飲料
beyond,在．．．之外
bias,偏見；嗜好
bind,捆；綁；使結合
biography,傳記
biological,生物的；活的
bizarrely,異乎尋常地；希奇古怪地
bleach,漂白；晒白
bleak,淒涼的；慘淡的
blend,混合；融合
blunder,錯誤；大錯
blunt,不鋒利的；鈍的
blurred,模糊的；(v.弄糊塗　blur ）
boast,誇口；自恃
boldly,大膽地；勇敢地
bombard,撞擊
bond,結合物；黏結劑
boost,提升；提升
bothersome,麻煩的；討厭的
bottom,底部；底
bound,範圍；界限
bound,限制
boundary,邊界；分界線
branch,部門；分支
brave,勇敢的；英勇的
break,決裂；破裂
break apart,分裂 ; 分離
break up,分裂；破碎
breathtaking,動人的；驚險的
breakthrough,突破
breed,繁殖
brevity,簡潔；精練
brew,蘊釀, 發展
brief,短暫的；短期的
brightness,光亮；明亮
brilliantly,鮮明地；明亮地
bring about,造成；帶來
briskly,輕快地
brittle,易碎的；脆弱的
broad,寬的；闊的；廣泛的；概括的
broaden,加寬；拓寬
broadly,廣義地；概括地
bulk,大部分；大多數
burdensome,困難的
burgeoning,萌芽的
bury,埋葬；埋藏
bustling,擾攘的
by and large,整體來看；一般說來
by chance,意外地；突然地
by-product,副產品；派生物
calculate,計算；確定
caliber,才能；品性
calmly,平靜地；沈著地
camouflage,掩飾；隱瞞
capacity,能力；接受力
caption,標題；解說詞
capture,捕捉；捕獲
care,照管；管理
carnivore,肉食性動物
carnivorous,肉食性的
carry,支撐；支援
carve,切割
cast,投射；投影
catastrophe,大災難；大變動
catastrophic,災難性的
categorize,歸類；分類
category,類別；範疇
caution,警告；告戒
cease,停止；結束
celebrate,讚美；歌頌
celebrated,著名的；馳名的
celestial,天空的；天上的
cement,黏結；膠合
census,人口普查
chancy,危險的 ; 靠不住的
character,品性；性格
characteristic,特徵；特色
characteristic,特有的；獨特的
characteristically,獨有地；獨特地
charge,襲擊；攻擊
cheap,便宜的；廉價的
check,抑制；制止
chief,主要的
chiefly,主要地；尤其
chill,冷凍；冷卻
chisel,鑿 ; 雕琢
chronically,長期地；經常地
chronicle,記述
chronologically,按時間順序
chronology,大事年表
circumstances,條件
cite,引證；引用
clamor for,喧鬧；叫嚷
clasp,緊握；抓住
classic,典型的
classify,分類
climate,氣候
cling to,黏著；纏住
clog,阻塞；填塞
clue,線索；訊息
cluster,成群
coalition,聯盟；聯合
coarse,粗糙的
coat,皮毛
coherent,有邏輯的；一致的
coin,創造；杜撰
coincide with,巧合；一致
collaborate,協作；合作
collaborative,合作的；社區的
collapse,崩潰
collate,仔細收集參照
colleague,同事；同僚
collective,集體
collectively,共同地
collide with,衝撞；撞擊
collision,碰撞；撞擊
colloquial,會話的；口語的
colonize,殖民；定居
colony,集群；群體 ; 殖民地
colossal,巨大的
combine,結合；兼有
combust,燃燒
come up with,提出；產生
comic,滑稽的；好笑的
command,掌握；控制
commanding, 威嚴的；堅強的
commensurate with,相當的；相稱的
comment,評論；評注
commercial,商業的；商務的
commodity,商品；日用品
commonly,通常地；經常地
commonplace,平凡的；普通的
compact,壓縮；壓實
comparable,可比的；相當的
comparably,可比地；相當地
comparative,相對的
compatible,相容的
compel,強製；強迫
compelled,強制的
compelling,令人嘆為觀止的；強迫的
compensate,賠償；補償
competent,有能力的；能勝任的
competently,熟練地；內行地
competition,競爭；比賽
compile,搜集；彙編
complacency,自滿
completely,完全地；十足地
complex,複雜的；綜合的
comply with,遵守；服從
component,成分；部分
compose,創作；作曲
composition,構成；組成
compound,附加
comprehensible,能理解的
comprise,包含；包括
compulsory,強製的；義務的
compute,計算；估計
concealed,隱藏著的
conceivable,可想像的
conceive,設想；構想
concentrate,集中；積聚
concentration,集中；聚集
concise,簡明的；扼要的
concisely,簡明地；簡潔地
conclusion,結束；結尾
conclusive,最後的
concrete,具體的；特定的
conducive to,有益於
conduct,執行 (重音第二音節)
confer,協商
configuration,架構；形狀
confine,限制；局限
confirm,證實；確認
conflicting,衝突的；抵觸的
conform,一致；符合
congest,擁擠；積聚
congregate,聚集；集合
conjectural,猜測的；推測的
congestion,擁擠 ; 擁塞
connected to,連結
conscientiously,謹慎地；精心地
consciously,自覺地；有意識地
consecutive,連貫的；連續地
consensus,共識
consequence,結果；後果
consequently,因此
conserve,儲存；保護
considerable,很重要的；很大的
considerably,相當大地；很大地
considerate,體諒的；關心的
consist of,由．．．組成
consistent,持續的
consistently,一致地；始終地
conspicuous,顯著的
constantly,不斷地；經常地
constituent,成分；要素
constitute,構成；組成
constrain,強制；抑制
constraint,約束；限制
consume,消費；吃
consumption,消費；消耗
contaminate,污染；感染
contamination,污染；沾染
contemporary,當代的；現有的
contention,爭論；論戰
contest,比賽；競賽
context,事件的背景 ; 情境
continually,持續地
continuous,連續的
continuously,連續地；不斷地
contractions,縮短；收縮
contradictory,矛盾的；對立的
contrary to,相反的；對立的
contrast,對比 ; 反差
contrive,設計；造出
controversial,有爭議的
controversy,爭議
convene,集合；集會
conventional,常規的；道統的
convergence,聚集
convert,轉變；變換
convey,傳送；傳播
coordinate,協調；配合
cope,適應
coping with,配合
copious,豐富的；大量的
cordial,親切的；愉快的
core,核心；中心
correct,正確的；準確的
correctly,正確地；恰當地
corresponding,對應的
correspondingly,相應地；對應地
corroborate,確証；證實
corrode,鏽蝕；磨損
consequently,因此
constraints,限制
costly,昂貴的；豪華的
contentious,好爭吵的 ; 愛爭論的
continuous,連續的
count,有價值；有分量
count on,依靠
counter,反駁
counteract,抵消；反作用
counterpart,正負兩分之一 ; 極相似的
countless,無數的；許多的
couple,對；雙
couple with,加上
courteous,有禮貌的；謙恭的
craft,手藝
cramped,狹窄的
create,引起；產生
credible,可信的
crisscross,穿梭；交錯往來
criteria,標準
critical,關鍵性的；決定性的
crucial,重要的
crude,粗製的；天然的；未加工的
cue,線索 ; 信號
culmination,高點 ; 高峰
cultivate,栽培；在農地工作
culture,文化；衣冠文物
cumbersome,麻煩的；笨重的
curative,治病的；療效的
curb,控制；約束
curiously,稀奇地；奇妙地
currency,通貨；貨幣
current,目前的; 當下的
cursory,草率的 ; 粗略的
custom,風俗；習慣
cut,降低
dam,築壩；修堤；阻擋
damage,損害；破壞
damaging,有害的；不利的
dampen,使潮濕
daring,勇敢的；大膽的
dawn,初始；開端
deal with,處理；應付
debate,討論；辯論
decay,腐爛；變質
deceive,誤導; 欺騙
decelerate,減速；降速
deceptive,欺騙的；虛偽的
deceptively,騙人地；虛偽地
decimation,每十個殺ㄧ個 ; 多數的殺害
decipher,破譯；譯解
decisive,決定性的
decline,拒絕；謝絕
decompose,分解 ; 衰退
decorate,裝潢 ; 佈置
deem,認為；相信
deep,深刻的；深切的
defeat,戰勝；擊敗
definite,明確的；規定的
definitely,確定地；明確地
deflect,使偏離；使轉向
deft,熟練的；靈巧的
deftly,熟練地；靈巧地
degrade,降低 ; 退化
dehydrate,使脫水；使乾燥
delegate,代表
delete,刪除；消去
deliberate,審慎的；仔細的
deliberately,蓄意地；審慎地
delicate,脆弱的；嬌嫩的
delicately,精致地；審慎地
delineate,描繪；描述
demand,要求；需求
demise,滅亡；死亡
demonstrate,表明；證實
demonstration,論證；證明
denote,表示；指示
dense,稠密的；濃濃的
densely,緊密地；稠密地
depend on,依靠；倚賴
depict,描繪；描述
depiction,描繪; 插畫
deplete,竭盡；用盡
deposit,放置；產卵
depress,壓低；使沮喪
deprive,剝奪；使喪失
derive,得到
derived from,基於
descent,血統；世系
deserted,虛無的
design,式樣；圖案
designate,指定 ; 任命
desolate,荒蕪的；荒涼的
detect,查明；查出
detectable,可察覺的；易發現的
detecting,探測
deter,阻止
deteriorate,惡化；變質
deterioration,惡化
determinants,決定因素
determine,評估 ; 計算
detrimental,不利的；有害的
devastated,毀壞的；被破壞的
devastation,破壞
developing,發展的；演化的
deviate,脫離(常規)
device,裝置；設備
devise,設計；發明
devoid,缺乏；沒有
devoid of,缺少
devote,致力於；獻身於
devote to,致力於；獻身於
devoted,忠實的；虔誠的
diagnose,診斷；分析
dialogue,對話；對白
dictate,指示；決定
diet,飲食；節實
differential,不均衡的 ; 差異的
diffuse,擴散；傳播
diffusion,擴散
dilemma,矛盾
dim,隱約的；模糊的
diminish,減少 ; 下降
diminutive,小的；小型的
dimly,朦朧地；暗淡地
dip,浸；沾
dire,可怕的；極度的
direct,指導；指揮
directly,直接地；即刻地
disaster,災難
discard,丟棄；拋棄
discern,辯明；識別
discerning,有眼光的；有辨別力的
disciple,信徒；弟子
discipline,學科；細目
discontent,不滿意；不滿 (名詞同義字是unhappiness)
discord,不調合；不一致
discover,發現 ; 了解
discrepancy,差異；不一致
disguised,隱藏的
disintegrate,分裂；瓦解
dismiss,駁回
disorient,使迷惑；使迷失方向
disparaging,貶低的；毀謗的
dispatch,派遣；發送
dispense,分散
dispersal,散播
dispersed,分散的
displace,換置 ; 取代
display,展現；陳列
dispose of,處理；除掉
disproportionately,不勻稱地；不相稱地
dispute,爭論
dispute,質疑
disregard,忽視；不注意
disrupt,干擾
disseminate,散佈；傳播
dissipate,驅散；使消失
distant,遠離的；久遠的
distinct,清晰的；不同的
distinction,差異
distinctive,特殊的
distinct,清楚的；明顯的
distinguish,區分；辨別
distinguished,著名的；卓越的
distributed,散開的; 分散的
district,地區；街區
disturb,攪動；滋攪
dive,跳水；潛水
divergence,差異；變化
divergent,分歧的
diverse,多種多樣的；不一樣的
diversity,多樣化；各式各樣
divert,改變方向
divine,神聖的；非凡的
do away with,廢除；去掉
document,文件
domain,領域；範圍
domesticate,馴養；馴服
dominant,主要的；佔優勢的
dominate,支配；控制
donate,捐贈；贈送
donation,捐款；捐物
donor,捐獻者；贈與人
dormancy,休眠狀態
dormant,休眠的；蟄伏的
dot,點綴；分散於
draft,草擬；設計
drama,戲劇；劇本；
dramatic,戲劇性的；顯著的
dramatically,戲劇性地；顯著地
drastic,激烈的；猛烈的
drastically,激烈地；猛烈地
draw,吸引；提取
drawback,缺點；弊端
dread,恐懼；畏懼
dreadfully,極端地
drift,漂泊;移動
drive,運動;競賽
drought,旱災；旱季
duplicate,複製；複寫
duplicate,相同的；雙重的
duplication,複製；複製品
durability,經久，耐久
durable,持久的；耐用的
duration,持續時間；期間
during,在．．．期間；在．．．時候
dust,塵土；灰塵
dwell,居住；居留
dwelling,住處；寓所
dwindle,減少 ; 衰落
eager,熱心的
early,早期的；早先的
earnest,認真的；誠摯的
earnestly,誠摯地；殷切地
earth,土；泥
ease into,漸漸進入
eccentric,怪癖的；古怪的
eccentricity,怪癖；古怪
ecologically,生態上；環境上
economical,節約的；經濟的
eerie,詭異的
effect,影響；效果
effectively,有效地；有力地
efficiency,效力
efficient,有效的；有力的
effort,努力；嘗試
eject,排斥
elaborate,複雜的；精心製作的
elaborately,詳盡地；精心地
elastic,有彈性的；可塑的
elect,選擇；推選
elegant,優雅的
elevate,提升；提升
elevation,高度；海拔
elicit,引出
eligible,合格的；適宜的
elongate,延長; 延伸
eloquent,善辯的；有口才的
elsewhere,在別處
elusive,無從捉摸的
emanate,散放
embarrass,使困窘；使為難
embellishments,裝飾 ; 粉飾
embody,體現；具體化
embrace,包括；包含；接受；信奉
embraced,歡迎
emerge,浮現；出現
emergence,出現；浮現
emigrate,外移
eminent,傑出的；著名的
emit,放射；散發
emit,排放 ; 釋出
emitting,生產，發行
emotion,感情；情感
emphasize,著重；強調
empirical,觀察的；經驗的
employ,僱佣；應用
emulate,模仿；仿效
enable,使能夠；使可能
enact,頒佈；規定
enactment,演出；作秀
enchantment,魅力
encompass,包含
encourage,鼓勵；促進
encroach,侵襲 ; 侵犯
end,末端；目的
endanger,危害；危及
endeavor,努力；盡力
endorse,認可；擔保
endow,賦予
endowment,天賦；天資
endure,忍受；求生存
enduring,持久的；耐用的
energetic,有力的；精力旺盛的
energetically,有力地；精力飽滿地
engage in,從事；忙於
engaged,僱佣
enhance,提升；增進
enjoyment,樂趣；享樂
enlist,徵募；入伍
enormous,巨大的；非凡的
ensure,保證
entail,引起；關係到
enthusiasm,熱情；積極性
enthusiastically,熱心地；熱情地
entitled to,賦予權利
entire,全部的
entirely,完全地；徹底地
entitle,稱作；取名
entity,實體；存在
entrepreneur,創業者
envelope,封皮；包層
envision,想像 ; 展望未來
epoch,時代；紀元
equal to,勝任的；能應付的
equally,相同地；同等地
equilibrium,平衡；均衡
equipment,設備；裝置
equivalent,相等的 ; 
equivocally,曖昧地；摸棱兩可地
era,時期
eradicate,除去；消除
erect,豎起的；直觀的
erect,樹立；建立
erection,建立；豎立
erratically,無規律地；不穩定地
erroneous,不正確的；錯誤的
erupt,噴出；爆發
escalate,逐步上升；逐步升級
especially,特別地；主要地
essence,基本
essential,基本的
essentially,基本上；必然地
establish,設立；創作
estate,房地產；財產
esteem,尊敬；尊重
estimated,鑑定
evacuate,撤離；疏散
evaluate,評估
eventually,最後地
ever-shifting,不斷改變的
evidence,跡象；預示
evidence,顯示；證明
evident,明顯的
evolution,進化
evolve,發展；演化
exact,正確的；精確的
exaggeration,誇張；誇大
examine,考察；探索
excavate,挖掘；開鑿
excavating,挖掘
exceed,超過；勝過
exceeding,超越
exceptional,特別的；非凡的
exceptionally,特別地
excerpt,節錄；摘錄
excessive,過分的；極度的
exclude from,拒絕；排除
exclusively,唯一地；全部地
excrete,排放 ; 釋出
excursion,短途旅行；遠足
execute,造成；製成；履行；執行
execution,執行；履行
exemplary,模範的；典型的
exercise,行使，利用
exert,運用 ; 盡力 ; 使受到影響
exhaustively,徹底地；完全地
exhibit,展覽；展出
exhibit,展覽會 ; 展覽品
exorbitant,昂貴的
exotic,異國的
expand,擴張；增加
expanse,廣闊的地方
expedite,加速；促進
expend,消耗 ; 使用
experimental,嘗試性的
expertly,熟練地；老練地
explicit,明確的
explicitly,明晰地；明確地
exploit,剝削
explore,考察；探索
expose,使暴露；暴露於
exposition,展覽會；博覽會
extend,延長；擴展
extensive,廣泛的；廣博的
extensively,廣闊地；廣泛地
extinct,滅種 ; 滅絕
extra,額外的；附加的
extract,提取；取得；拔出
extraneous,外來的；無關的
extraordinary,非凡的；極度的
extremely,極端地；極度地
exude,散發
fabricate,製作；裝配
fabricating,製作，構建
facet,某一方面
facilitate,使便利
factor,要素；原素
fade,褪色；衰弱
fairly,相對地；相當地
faithful,忠誠的；忠實的
fake,偽造的；冒充的
famous,著名的；出名的
fanciful,想像的；怪誕的
far,太；極；甚
far-reaching,廣泛的；深遠的
fashion,造成，引起
fashion,模式；樣子
fasten,紮牢；釘牢
fatal,致命的
fault,縫隙；斷層
fauna,動物 (集合名詞)
favor,喜愛
feasible,可行的；可能的
feat,功績；技藝
fee,費用；費
feeble,微弱的；無力的
feed,供給；供應
feel,察覺；感覺
feign,假裝
ferocious,兇猛的；殘忍的
fertile,肥沃的
fervor,熱情；熱烈
fictitious,虛構的；想像的
fidelity,忠誠；忠貞
figure,圖象；形象
figure out,演算；解決
fill,充滿；充塞
filter,過濾；濾過
finalize,終結；中止
find,找到；發現
fine,細小的
firm,結實的；堅硬的
firmly,堅定地；牢固地
fit,適合；適應
fix,安裝；固定；決定；確定
fixed,固定的
fixture,固定設備；附屬裝置
flattering,稱揚的；奉承的
flattery,諂媚 ; 阿諛
flavoring,調味的
flaw,缺點，瑕疵；有缺陷；有裂縫
flee,逃離；逃避
flexible,柔韌的；有彈性的
float,漂；浮
flock,鳥群；獸群
flora,植物 (集合名詞)
flourish,茂盛 ; 發達
flow,流動，湧出；
fluctuate,起伏；波動
fluctuation,波動
fluorescent,發光的；熒光的
focus on,聚焦
foliage,葉子
follow,聽從；遵循
following,在．．．之後
fool,欺騙；愚弄
foolish,荒謬的；愚蠢的
forage,搜索；尋找食物
forbid,禁止；不許
forecast,預測；預報
foregoing,先行的
foremost,首要的；主要的
forerunner,先驅；先鋒
forestall,阻止；
forever,永遠地；無窮無盡地
forfeit,失去；喪失
forge,創造 ; 偽造
form,形成；製作
formative,形成的；成型的
formerly,從前；以前
formidable,艱難的
fortunate,幸運的
foster,養育; 促進
found,創辦；建立
foundation,基礎；根據
fractures,裂縫
fragile,脆弱的; 易碎的
fragment,碎片；破片
fragmented,分裂的
fragrance,香味；香氣
frail,虛弱的；脆弱的
framework,架構；框架
free,擺脫的；不受約束的
freestanding,自立的;  不需支撐的
friction,磨擦; 衝突
frigid,寒冷的
from time to time,間或地；偶爾地
fruitful,富有成效的；多產的
fruitfully,富有成效地；多產地
fruitlessly,無效地；徒勞地
fuel,提供燃料
fulfill,實踐 ; 履行
functional,合用的
fundamental,基礎的；基本的
furnish,提供；供應
further,進一步的；深層的
further,促進；推展
furthermore,而且；不僅…而且
fusion,熔合；聯合
gain,v.獲得；贏利　n.利益；得益
game,動物 (集合名詞)
gap,缺口；縫隙
gather,搜集；聚集
gauge,測量；評估
general,一般地；慣常地　
generally,通常地；廣義地
generate,產生；發生
gentle,平緩的；溫和的
germinate,發芽；開始生長
get rid of,除去；去掉
gifted,有天賦的；聰穎的
gingerly,小心地；謹慎地
give in,讓步；屈服
give out,發表；公佈
give way to,讓位；變成
given,特定的；一定的
glare,刺目的強光
gloomy,陰郁的；憂悶的
glowing,光亮的
goal,目的；目標
goods,商品；貨物
gorgeous,美麗的；華麗的
gradually,逐漸地；逐步地
grandeur,宏偉；壯觀
grant,頒發；授予
graphic,生動的；圖文的
grasp,領會；掌握
grasp,領悟
graze,以．．．為食；放牧
grief,悲痛；不幸
grossly,顯著地；大大地
grueling,筋皮力竭的；折磨人的
guard,保護；保衛
habitat,棲息地；產地
habitually,習慣地；慣常地
hail,歡呼；招呼
hamper,妨礙；阻礙
hand in,交出；傳遞
hand out,分派；散發
handle,處理；管理
handy,靈巧的；方便的
haphazard,雜亂的；任意的
haphazardly,任意地；雜亂無章地
harbor,港口；港灣
hard,堅硬的；牢固的
hardly,幾乎不；簡直不
hardship,痛苦；苦難
harm,損害；損壞
harmful,有害的；危險的
harmless,無害的；無毒的
harness,利用；治理
harsh,嚴酷的；苛刻的
harvest,斬獲；獲得
hasten,加速；促進
hastened,草率的
hatch,孵化；孵出
haul,拖運；運送
hazard,危險；冒險
hazardous,危險的；冒險的
heading,標題；題目
headway,前進；進展
heavily,濃密地；稠密地
heighten,升高 ; 增強
hemisphere,半球；半邊
hence,因此；所以
henceforth,自此以後
herald,預示；預報
herbivore,草食性動物
herbivorous,草食性的
herd,群；獸群
heredity,遺傳；遺傳性
heritage,遺產；道統
hesitantly,猶豫地；躊躇地
heterogeneous,異種的; 異質的
heyday,全盛時期；黃金時期
hide,隱藏；遮掩
hide,獸皮；皮革
hideous,可怕的
hierarchial,階級的
highlight,著重；強調
highly,高度地；非常地
hinder,妨礙；阻礙
hindered,妨礙的
hints,線索
hire,僱佣；租用
hitherto,迄今
hold,結合；連結
hollow,掏空
hollow,洞；穴
homogeneous,同質的
house,安置；收藏
hub,中心；中樞
hue,色彩；色澤
huge,巨大的；大量的
humid,濕的；潮濕的
humiliate,羞辱；使丟臉
hurdle,困難；障礙
husk,外殼；果殼
hypothesis,假設；假說
ideal,完美的
identical,同樣的
idiosyncrasy,特質 ; 特異性
ignite,著火；燃燒
ill,負的；不良的
illicit,非法的；不正當的
illuminate,照明；照亮
illusion,幻覺 ; 幻象
illustrate,說明；闡明
illustration,插圖；圖解
illustrious,傑出的；著名的
image,影象；形象
imaginary,想像中的；不真實的
imitate,模仿；仿造
immense,巨大的；龐大的
immensely,非常；大大地
immerse,浸泡
immigrate,移民
imminent,逼近的；即將來臨的
immobile,靜止的
immunity,保護
impact,影響；作用
impair,損害
impartial,公平的；公正的
impede,妨礙；阻止
impediment,妨礙；阻礙
impending,逼近的；即將發生的
imperative,急切的；必要的
imperceptibly,不可覺察地；極緩慢地
imperceptible,不可察覺的；極緩慢的
impetus,誘因
implement,工具；器械
implement,實施
implication,含義；意義
imply,暗示；意指
important,重要的；重大的
impose on,強制
imposing,壯觀的；雄偉的
impractical,不實際的
impressive,驚人的;令人印象深刻的
improve,增進；改良
improvise,臨時準備；即席創作
imprudent,不精明的；輕率的
in essence,基本上而言
in place of,代替　
in reality,實際上；事實上
in retrospect,回顧；回想
in the long run,到末了; 到最後
inaccessible,難接近的；難達到的
inadvertently,粗心地；非故意地
inappropriately,不恰當地；不合宜地
inaugurate,開始；開創
incalculable,無數的；極大的
incapacitate,使殘廢；使無能
inception,起初
incessant,連續的；不斷的
incessantly,連續地；頻繁地
incentive,誘因
incidence,發生率
incidentally,偶然地；附帶地
incinerate,燒毀
incite,激勵；刺激
inclination,傾向；偏好
include,包括；包含
incorporate,結合；合併
increase,增加；增多
incredible,難以置信的；不可思議的
incredulity,懷疑；不相信
indefinitely,無限地
index,指標；標誌
indigenous,當地的；本土的
indiscriminate,不加選擇的；不加鑑別的
indiscriminately,無差別地
indispensable,必不可少的；絕對必要的
individually,個別地；各自地
induce,引起；導致
inducement,誘因
inept,無能的；不稱職的
inevitable,不可避免的；必然發生的
inevitably,不可避免地；必然發生地
infectious,傳染性的；易傳播的
inference,推論 ; 結論
infiltrate,滲入；透過
infinitesimal,極微小的；無限小的
inflate,膨脹; 擴大
influence,影響；感化
influential,有影響的；有勢力的
influx,流入；到達
informally,非正式地；非正規的
informed,有見識的；見聞廣的
infusion,灌輸；注入
ingenious,有天才的；機敏的
ingenuity,發明才能
ingredient,成分；要素
inhabit,居住於；棲息於
inhabitant,居民；住戶
inhale,吸入；吸氣
inherent,固有的 ; 天生的
inherently,內在地；根本地
inherit,接受；繼承
inhibit,阻止；阻礙
inhospitable,冷淡的；不親切的
initial,古老的；初始的
initially,最初；開始
initiate,開始；引發
innovation,創新；革新
innovative,創新的；革新的
innumerable,無數的；數不清的
impetus,刺激；誘因
inquiry,調查；問題
inquisitive,好奇的；盤根問底的
insert,插入；嵌入
inside,內部；裡面
insignificant,無意義的；不重要的
inspire,激勵；賦予靈感
install,裝置; 裝設
instance,實例；例證
instantly,立即；立刻
instead,代替；更換
instruction,教訓；教誨
insufficient,不足的；不夠的
intact,原封不動的
integral,整體的；不可缺少的
integrate,使結合；成一體
intended,意圖的
intense,強烈的；劇烈的
intensive,加強的，集中的
intent,目的
intentionally,有意地；故意地
interchangeable,相等的；可互換的
interfere,妨礙；抵觸
interlocked,連結的
intermittently,間歇地；斷斷續續地
interruption,中斷
intervals,週期 
intervene,干涉；調停
intervention,干涉；影響
intimate,親密的；密切的
intimately,親密；親切
intricate,複雜的；使人迷惑的
intrigue,迷惑
intriguing,迷人的　
intrinsic,本質的 ; 原來具有的
intrinsically,基本地
inundate,淹沒；泛濫
invade,侵入
invaluable,極有價值的
invariably,恆久地；不變地
invent,創造；發明
inventive,有創意的
inviting,吸引人的；誘人的
invoke,呼籲
irregularly,不規則地；不整齊地
irreversible,不可回復的 ; 永久的
irrevocable,最後的；不能改變的
irritable,煩躁的；易激怒的
irritating,煩惱的；激怒的
isolating,孤立的；隔離的
issue,流出；發行
issue,問題；爭論
intermediate,中間的
jeopardize,危及；危害
jettison,拋棄；放棄
join,連接；結合
joint,共同的；分享的
jointly,同時地 ; 共同地
judge,評價；鑑定
jurisdiction,管轄權；司法權
justification,理由
justify,辯護；證實
justly,公正地；正當地
juvenile,青少年的
juvenile,青少年　
keen,敏銳的；敏捷的
keenly,激烈地; 熱心地
keep,保持；儲存
keep pace with,並駕齊驅
key,主要的；關鍵的
kin,近親
knack,技巧；竅門
label,貼標籤；標明
laborious,費力的
lace,交織；交錯
lack,缺乏；缺少
laden,滿載的
landscape,風景；景色
lane,航道；路線
largely,大量地；主要地
last,持續；持久
lasting,持久的；持續的
lateral,側面的
launch,發射；投擲
lavishly,奢華地
leading,主要的；主角的
leap,跳躍；躍過
lease,出租；租用
leftover,剩餘的
legacy,遺產 ; 遺贈
legally,合法地；法律上
legend,傳說 ; 故事
legitimate,合法的；合理的
leisure,空閒的；閒暇的
leisurely,從容的；有規律的
length,長度；距離
lenient,寬大的；寬容的
lessen,減少；減輕
lethal,致命的
liability,責任
liberally,隨意地；寬容地
liberate,釋放；放出
lie,位於
likelihood,可能性
likely,有希望的；恰當的
likeness,相象；類似
likewise,類似地
limit,限定；限制
link,連結
liquid,液體；流體
literacy,文化水準；讀寫能力
load,重擔；負荷
locale,場所
locality,地方；所在地
locally,當地；本地
locate,定位；探出
locomotion,運動；移動
lodge,留存；放置
lodging,寄宿處；住所
look after,照料；照顧
look over,檢查；察看
loophole,漏洞
loot,掠奪；洗劫
lower,減低；減弱
lucidly,清楚地；明白地
lucrative,有利的
lucratively,有利地；賺錢地
ludicrously,荒唐地；滑稽地
lukewarm,不熱情的；微溫的
lumber,木料；木材
luminous,發光的；閃亮的
lure,吸引；引誘
lush,蒼翠的
luster,光澤；光彩
lustrous,有光澤的；光亮的
magnify,放大；強化
magnitude,程度
mainly,主要地；基本上
maintain,維持；堅持
majesty,威嚴；尊嚴
major,主要的；大型的
make up,構成；組成
make up for,補償；彌補
make up of,構成；組成
makeup,構造；組成
mammal,哺乳動物
mammoth,龐大的；巨大的
mandated,要求
maneuver,動作；花招
manifest,表現
manipulated,操弄
mankind,人類
manually,人工地；手工地
mar,損壞；毀壞
march,遊行；行進
margin,邊；邊緣
marginally,邊緣地；稍微地
marine,海生的；海洋的
marked,明顯的；顯著的
markedly,明顯地；顯著地
market,出售；銷售
marvel,奇跡；傑作
mask,遮掩；遮蔽
massive,巨大的；大量的
masterpiece,傑作；名作
match,相等 ; 符合
matching,相同的；匹配的
matchless,無敵的；無比的
mate,交配；繁殖
material,物質；原料
mature,成熟的
meager,貧乏的；不足的
mean,平均值 ; 算術平均數
means,方法(單數名詞)
mechanism,裝置；機構
mechanism for,方法　
meet,滿足；符合
melancholy,憂郁的；消沈的
melody,旋律；主調
memo,備忘錄；變簽
mend,修復；改善
merchandise,商品；貨品
merely,僅僅；不過
merge,合併；兼並
merit,值得
merit,優點；長處
methodically,有規律地；有條理地
meticulously,小心地
metropolitan,大城市的；大都會的
midst,處於；在．．．之中
migrate,遷移；移居
mildly,溫和地；緩和地
millennia,千年期；一千年
mimic,模仿；摹似
minimal,最低程度的；最少量的
minimum,最低限度；最少量
minuscule,很小的；微小的
minute,微小的；細微的 (重音在第二音節)
miraculously,非凡地；奇跡般地
mirror,反映；映出
miscellaneous,種種的 ; 多方面的
misleading,誤導的
misrepresent,歪曲；誤解
mistakenly,錯誤地；誤解地
mitigate,減少 ; 減輕
mix up,搞混；混淆
mock,嘲弄；嘲笑
mode,模式；手段
model,模範
modest,適度的 ; 樸素的
modification,修改；變更
modify,修改；變化
modulate,調整;調控
moist,潮濕的；濕潤的
mold,捏成；塑造
molten,熔化的
monitor,檢查；監視
monopolize,獨佔；佔優勢
have a monopoly on,獨佔
monotonous,單調的；不變的
monumental,不朽的；非凡的
moral,寓言的教訓
morale,士氣；信心
moreover,此外
motif,圖案；花紋
motion,運動；移動
motivation,動機；目的
motive,動機；原因
mount,增長；上升
mournful,悲哀的；淒慘的
mundane,世俗的；普通的
mural,壁畫
murmur,咕噥；私下抱怨
mutually,共同地；彼此地
myriad,許多的；無數的
myth,神話；傳奇
mythical,虛構的；想像的
naked,肉眼的；赤裸的
narrator,講述者；敘述者
narrow,狹窄的；狹小的
nearly,幾乎；大約
negligible,可忽視的；微不足道的
neighboring,鄰近的；附近的
nevertheless,然而；仍然
no wonder,毫無疑問的
noise,喧鬧聲；嘈雜聲
noisy,喧鬧的；嘈雜的
norm,標準
normal,標準的；正常的
normally,常規地；正常地
notable,著名的；顯著的
noted,著名的；聞名的
note,注意到
noteworthy,顯著的；值得注意的
noticeably,顯著地；明顯地
notify,通知；報告
notion,概念；理念
notwithstanding,儘管
nourish,滋養；養育
novel,奇異的；新奇的
novelty,新奇的事物
no wonder,毫無疑問的
now and then,偶然地
noxious,有害的；有毒的
numerous,許多的；甚多的
nutritious,營養的；滋養的
obediently,服從地；順從地
obese,肥胖的；肥大的
object,目的；目標
objective,客觀的
obligated,有義務去做的
obligation,義務
obliged,被迫的
oblivious,不在意的；不注意的
obscure,掩蔽；隱藏
obscure,不清楚的；不著名的
observe,觀察；看到
obsolete,過時的；作廢的
obstacle,障礙；妨礙
obstinate,固執的；頑強的
obstruct,阻塞；堵塞
obstruction,障礙
obtain,獲得；取得
obvious,明顯的；顯而易見的
obviously,明顯地；顯然地
occasional,偶然的
occasionally,偶然地
occur,存在；出現；發生
odds,爭執；不一致
the odds of,可能性
off and on,不時地；斷斷續續地
officially,正式地；官方地
offset,彌補 ; 補償
offspring,後代；幼子
often,常常；經常
on balance,總的來說
on the whole,整體上；大體上
once,曾；曾經
once in a while,間或；偶爾
oncoming,即將到來的
onset,開始
opaque,不透明的 ; 晦暗的
operate,運作
opportunity,機會；時機
opposed to,反對的；反抗的
optimal,最佳的
opulence,富裕；富饒
oral,口頭的；口述的
orally,口頭地；口述地
orbit,環行；環繞
organize,組織；安排
orientate,確定方位
ornamental,裝飾的；裝飾用的
ornamented,裝飾的
ornate,華麗的；絢麗的
otherwise,否則；不然
ought to,應當；應該
outline,總結；概括
outlying,遠外的；邊遠的
output,產量；產品
outrun,超過；勝過
outskirts,郊區；郊外
outspoken,坦率的；直言的
outstanding,傑出的；顯著的
outweigh,超越
overall,總的；全部的
overcome,克服；戰勝
overestimated,高估
overlap with,重疊
overseas,國外；海外
oversee,督導
oversight,疏忽；失察
overtake,趕上，超越
overtly,公開地；明顯地
overturn,推翻；顛覆
overwhelm,超越
overwhelmed,數量過於龐大的
owing to,由於；因為
pace,步伐 ; 速度
pale,蒼白的；淺色的
paradigm,模範 ; 範例
paradox,矛盾
paradoxical,自相矛盾的；反論的
parch,烤焦
parallel,類似點；類似處
particular,特別的；個別的
particularly,特別地；尤其是
passion,激情；偏好
patch,片；塊
path,路線；軌道
pathway,途徑；模式
patron,主顧；顧客
pay tribute to,尊敬；稱揚
peak,最高的；尖峰的
peculiar,奇特的 ; 獨特的
penetrate,穿透；透過
penetrating,刺鼻的；彌漫的
per capita,每人；平均
perceive,察覺; 感知
percentage,比例；比率
perceptible,可察覺的；可見的
perceptive,敏銳的；有洞察力的
perfected,使臻於完美的
perform,執行；履行
performer,作秀者；演奏者
perhaps,也許；可能
perilous,危險的；冒險的
perimeter,周邊；周遭
period,時期；時代
periodic,規律的
periphery,外圍
permeate,穿過；滲透
permission,允許；同意
permissive,容許的；隨意的
permit,允許；許可
perpetuate,使永存 ' 使不朽
perpetually,不斷地；持久地
perplexed,困惑的
perseverance,堅忍；毅力
persist,持續
persisted,持續的
persistent,持久的
persistently,持久地；固執地
perspective,觀點
persuade,說服
persuasive,有說服力的
pertain to,相關；關於
pertinent,恰當的；貼切的
peruse,精讀；細閱
pesticide,殺蟲劑
phase,階段；時期
phenomenon,事件(單數名詞)
phenomena,現象；事件(複數名詞)
phenomenally,非凡地；難以置信地
picture,想像
piecemeal,零碎的；零碎地
pinnacle,頂峰 ; 高點
pinpoint,精確定位；準確定位
pioneer,先驅者；開拓者
pioneering,先驅的；開拓的
placid,平靜的；寧靜的
plague,煩擾；折磨
plainly,清楚地；明顯地
plausible,可能的；大概的
pleasant,愉快的；愜意的
pledge,誓言
pleasing,使人愉快的；令人喜愛的
plentiful,豐富的；有余的
plot,標繪；繪圖
plunge,投入，陷入
polish,磨光；擦亮
poll,民意測驗；民意調查
ponder,沈思；默想
pool,貯存處；容器
poor,不良的；粗劣的
poorly,不足地；缺乏地
popular,流行的；受歡迎的
porcelain,瓷；瓷器
pore,毛孔；細孔
portion,部分；一份
portrait,人像；肖像
pose,呈現；顯示
possess,擁有；具有
postulate,假設
potent,有效的；烈性的
potential,潛在的；可能的
potentially,可能地；潛在地
poverty,貧窮；貧乏
practical,實用的；可行的
prairie,大草原
precarious,不穩定的
precede,居先；先於
take precedence over,更優先於
precedent,先例
precious,珍貴的 ; 貴重的
precipitate,促成；引發
precipitation,下雨 ; 降水
precipitous,陡峭的；險峻的
precise,準確的；精確的
precisely,精確地
precision,精確；精確性
preclude,預先排除; 防礙
predator,掠食者
predicament,困境；尷尬處境
predict,預示；預告
prediction,預報；預言
predominant,主要的；突出的
predominantly,主要地；突出地
preeminent,卓越的
preeminence,卓越；突出
preface,序言；序文
prefer,偏好；喜歡
prehistoric,史前的；久遠的
preliminary,最初的；原始的
premature,早熟的 ; 未成熟的
premise,前提；假設
preoccupation,關注點
preposterous,荒謬的；反常的
prerequisite,必要條件 ; 先修課程
prescribe,規定；支配
present,呈現；顯示 (重音在第二音節)
presently,現下；目前
preservation,保護；防護
preserve,儲存；維持
preside,負責；統轄
pressing,急迫的；緊急的
prestige,威信; 威望; 名氣
prestigious,有聲望的；有威信的
presumably,大概
prevail,盛行；流行
prevailed,成功，統治
prevailing,盛行的；流行的
prevalent,流行的；普遍的
prevent,制止；阻止
previously,以前；從前
prey,被捕食動物；犧牲品
primarily,主要地；基本上
primary,基本的；初步的
primeval,原始時代的
principal,主要的；首要的
principle,原理；原則
prior,在先；居前
prior to,在先；居前
pristine,原始的；初期的
private,私人的；私有的
prize,珍視；重視
prized,貴重的
probable,可能的；大概的
probe,探察
procure,獲得；取得
prodigious,巨大的; 非凡的
produce,產物；產品 (重音在第一音節)
produce,生產；製造 (重音在第二音節)
product,產品；產物
professional,專業的
proficiency,熟練；精通
profoundly,深深地；萬分地
profuse,豐富的；有余的
profusion,豐富；大量
progressive,漸近的
progressively,逐漸地
prohibitively,禁止性地；有阻礙地
project,突出；凸出 (重音在第二音節)
project,項目；工程 (重音在第一音節)
projections,預測
proliferate,增殖；增生
proliferation,增加
prolific,多產的；成果豐碩的
prolonged,持續久的；長時期的
prominent,顯著的；卓越的
promote,促進
prompt,準時的；迅速的
prompt,促使；激勵
promptly,迅速地；立刻地
pronounced,重要的
pronouncement,聲明
propagate,使繁衍: 傳播
propel,推進；推展
proper,適當的；合適的
property,性質
propogate,散播
proponent,支援者
proportion,比例
propose,提議
prospect,預期 ; 期望
prospector,投機客
prospective,未來的；潛在的
prosper,成功 ; 發達
prosperity,昌盛；繁榮
prosperous,富裕的
prototype,原型；範例
protrude,突出；伸出
prove,證實；確認
provide,供應；提供
provided,倘若
provision,規定；條款
provocation,激怒；刺激
provoke,誘發；激起
proximity,接近；附近
pump,抽（液體）；抽動
puncture,刺穿；刺破
pungent,刺激的；辛辣的
pure,純淨的；完美的
purely,全然地；僅僅地
purify,淨化；精練
pursue,追捕；從事
pursuit,追求；尋求
put off,延期；延遲
put up,提供；債款
put up with,容忍；忍受
puzzle,難題；謎　使費解；使困惑
puzzling,使人費解的；令人困惑的
quantify,衡量
quantity,數；數量
quarantine,隔離；檢疫
quarter,四分之一；四等分
quarterly,季度地；按季度
quest,尋找；探索
quite,相當；頗為
radiant,發光的；輻射的
radically,根本地；截然地
radically,偏激地
rage,憤怒
raid,襲擊；侵略
raise,飼養；養育
ramification,後果
random,任意的；隨機的
rank,銜，官階
radical,極端地
rapidly,迅速地；快捷地
rapport,密切關係
rare,稀有的；罕見的
rarely,很少；難得
rather,相反；相反地
rather,相當；頗
rather than,而不是
ratify,同意；批准
ratio,比例
rational,理性的 ；符合邏輯的
raucous,喧鬧的；嘈雜的
reach,達成；取得
react,回應；適應
readily,容易地；很快地；樂意地
realization,認識；意識
realm,領域
reap,斬獲；接受
rear,培養；飼養
reasonably,合理地；經濟地
rebate,折扣；回扣
rebound,復原；復興
recall,記得
receive,接受；接收
reckless,不負責任的
recklessly,鹵莽地；粗心地
recognition,賞識；關注
recognize,承認；辨認
recognized,被認可的
recollection,記憶；回憶
recommend,推薦
reconstruct,重建
record,記錄；記載 (重音在第二音節)
recorded,已紀錄的
recount,敘述；講述
recover,回收；尋回
recruit,徵募；補充
rectify,改造；修正
recur,重現；重複
recycle,回收；反覆使用
readily,敏捷地
reduce,減少
redundancy,重複
refine,改良
reflect,反映；顯示
reform,改善；改革；改良
refreshing,清新的；清爽的
regarded,被視為
regardless of,罔顧；不管
regimes,政府 ; 政權
region,地區；區域
regularly,有規律地；慣常地
regulate,調節；控制
reign,統治
reimburse,償還；補償
reinforce,加強；強化
rekindled,重新燃起的
relate,相關；關聯 (重音在第二音節)
relative,相關的；相對的 (重音在第一音節)
relatively,相對地；比較地
release,釋放；發出
relentless,無情的 (甚麼狀況都不止息的)
reliable,可靠的
reliably,可靠地；可信地
reliance,依靠
relics,遺物; 遺跡
reluctant,不情願的；勉強的
reluctantly,不情願地；勉強地
rely on,依靠
remain,維持；保持
remark,評論；議論
remarkable,異常的；非凡的
remedy,醫治；治愈
remember,回憶；記起
remnants,殘餘；殘跡
remote,遙遠的
render,提供；履行
renowned,著名的；有名的
repeatedly,反覆地；多次地
repel,排斥；對抗
replace,取代
replenish,補充
representative,典型的
reproduce,複製 ; 繁殖
require,要求；堅持
rescue,營救；挽救
research,研究；探索
resemble,相似；類似
reservoir,貯藏所；蓄水池
reshape,改變形式；改變性質
reside on,居住；生存
resident,居民
residual,殘餘地；剩餘地
resign,放棄
resist,經受住；抵擋住
resistance,反對
resolute,堅決的；果斷的
resolutely,堅決地；果斷地
resolve,決議；解決
resonant,洪亮的；共鳴的
resource,資源；才能
respect,方面；側面
respectively,個別地
respiration,呼吸
responsibility,責任；任務
restore,恢復原狀
restrict,限制；約束
restrictions,限制
restrictive,限制性；約束性
resume,繼續；恢復 (重音在第二音節)
retain,保留；維持
retarding,阻礙的 ; 妨礙的
retreat from,退出；退卻
retrieve,取回；找回
revolutionized,根本上地改變
reveal,透露 ; 顯露
revere,尊敬
reverence,尊敬；敬仰 (重音在第一音節)
reversible,可以逆轉的
revert to,恢復；複歸
revise,修正；改造
revoke,吊銷；取消
revolutionize,變革；徹底改變
rewarding,有益的
rhythm,節奏；格調
rich,富饒的
ridicule,取笑；嘲笑
rigid,固定的
rigorous,嚴格的
ripe,成熟的
rise,出現；浮現
risk,風險；危險
risky,危險的；冒險的
ritual,儀式；典禮
rival,競爭
roam,漫遊；閒逛
robust,強健的；堅強的
root,n.起源；v.根源於
roster,名單 ; 清單
rotate,輪流；更迭
rotting,腐爛
rough,粗糙的；不光滑的
roughly,粗略地；大致上
routinely,常規地；慣常地
rudimentary,原始的；簡單的
ruefully,沮喪的；悲觀的
rugged,崎嶇不平的
ruin,毀滅；毀壞
rule out,取消；排除
run,經營；管理
run out,用完；耗光
runoff,流水
rupture,破裂；裂開
rural,農村的；田園的
rushing,急流的
ruthlessly,無情地；冷酷地
safeguard,保障；保護
safety,安全；保障
saline,鹽的；鹹的
salute,問候；行禮
salvage,打撈；搶救；回收廢物
sanction,批准；同意
sap,(樹木的)汁液
sanitation,衛生；健康狀態
saturate,浸透；飽和
save,除．．．之外
scale,測量 (v.) ; 尺寸 (n.)
scan,審視；瀏覽
scanty,僅有的
scarce,稀缺的；珍貴的
scarcely,稀缺；珍貴
scarcity,短缺
scatter,散開
scenario,(劇本的)情節
scene,場景；現場
scenic,天然景色；景色優美的
segregated,隔離的
scheme,陰謀；策劃
scholarly,學人的；好學的
scope,範圍；視野
score,樂譜
scrupulously,謹慎地；小心地
scrutiny,檢查；監視
scurrying,急趕
secession,脫離；退出
secluded,偏僻的；遙遠的；隔絕的
secrete,分泌出
secure,獲得；取得
secure,安全的
sedentary,不移棲的
seek,尋求；尋找；試圖；企圖
seem,似乎；好像
seep,滲流
seemingly,表面上；外觀上
segment,部分；片段
seize,抓住；掌握
seldom,很少；幾乎不
select,選拔；挑選
selection,待選物；多種類
self-esteem,自尊；自負
self-reliant,自力更生的
sensation,感覺；知覺
sensational,轟動的；驚人的
sense,感覺；領悟
sensitive,敏感的；微妙的
sentiment,意見；觀點
sentimental,傷感的；多愁善感的
separate,單獨的；分離的
sequence,順序；系列
sequential,按照次序的
set,確定；安置
set it apart,區分;區別
set off,出發；開始
set up,設立；安排
setting,背景；環境
settle,決定；解決
settle,定居；安家
settled,固定的
settlement,村落；新拓居地
sever,切斷 ; 遮斷
severe,猛烈的；嚴酷的 
severity,嚴酷
sharp,清晰的；急劇的
sharply,急劇地；陡峭地
shed light on,闡明；解釋
sheen,光澤；光輝
shelter,掩蔽；遮蔽
shield,保護；避開
shift,改變；變動
shock,震動；震怒
show,顯示；表明
shrink,收縮；縮小
shrub,灌木；灌木叢
shun,迴避；躲開
shy,膽怯的；羞怯的
side effect,副作用
significance,重要性
significant,有重要意義的 ; 明顯可觀的
similar,相似的；類似的
simultaneously,同時發生；同時進行
single,單個的；專一的
single-handedly,單獨地；孤立地
site,地點；場所
skeptical,懷疑的
skepticism,懷疑主義；懷疑態度
sketch,速寫；素描
sketch,概略；梗概
skill,技能；技巧
skilled,熟練的；擅長的
skip,不參加；缺席
skyrocket,猛漲，突增
slender,細長的；纖弱的
slight,微小的；細微的
slightly,輕微；少量
slim,苗條的；細長的
sluggish,遲鈍的；緩慢的
smart,聰明的；機敏的
smudge,弄髒；塗汙
snap,折斷；拉斷
soak,浸泡在水裡
soar,向上竄升
society,社會
sole,唯一的；單獨的
solemn,嚴肅的；莊重的
solemnly,嚴肅地；憂郁地
solidarity,團結
solidify,鞏固；保障
solitary,單獨的；獨居的
solitude,孤獨；寂寞
sophisticated,複雜的
sort,種類；類別
sort out,挑選出
sour,酸味的；酸腐的
source,根源；水源
sovereign,主權的；獨立的
sow,播種；種植
span,橫跨；跨越
spanning,包含
spark,激發；發動
sparse,稀疏的
sparsely,稀少地；稀疏地
spawn,醞釀；引起
specimen,樣本
speck,微粒；小點
speculate,推測；假設
spell,闡明；講清
spin,旋轉；疾馳
spine,脊骨；脊柱
spiny,多刺的；刺狀的
splendor,光輝；光彩
splice,拼接；交接
split,劈開；切開
spoil,變壞；腐敗
spontaneous,自生的
sporadic,偶然的 ; 斷斷續續的
spot,看出；發現
spot,場所；地點
spread,傳開；蔓延
spring up,出現；發生
spur,刺激；激勵
squash,擠壓；碾壓
squirt,噴洒；噴出
stable,穩定的；不變的
stage,時期；階段
staggering,壓倒的；壓倒之勢的
stagnation,停滯不前
stain,褪色；變色
stalk,主莖；花梗
stamina,耐力；精力
stand,v.忍受；經受n.立場；態度
stand for,代表；象徵
standard,規範的
standard,標準
standardized,標準的；統一的
standing,停滯的；不流動的
standpoint,觀點；立場
staple,大宗物品；流行的東西
startled,驚人的
startling,驚人的
stately,雄偉的；堂皇的
static,靜止的；不動的
stationary,不變的；靜止的
steadfast,堅定的；不變的
steadfastly,堅定地；堅信地
steadily,持續地；穩定地
stem from,起源；導源
stern,嚴厲的；苛刻的
stick to,黏住；釘住
stiff,僵硬的；剛強的
stiffness,僵硬；剛強
still,靜止的；不動的
stimulate,激發；促進
stink,發惡臭
stipulated,規定的 ；要求的
stir,激起；鼓動
store,貯存
straightforward,簡單明瞭的
strain,緊張；勞累
strain,拉緊，重壓
strand,一股；一縷
strange,陌生的；不熟悉的
strategy,戰略；策略
stratum,地層；階層 (複數是strata)
stray,迷路 ; 失散
streamlined,流線型的
strenuous,劇烈的；艱苦的
strenuously,強烈地；激烈地
stress,強調
stress,壓力；緊張
stretch,伸展；鋪開　拉直；拉長
stretched out,伸長的
strict,嚴密的；精確的
strictly,嚴格地
strike,v.打火；碰撞；接觸　n.罷工
striking,顯著的；驚人的
strikingly,顯著地；驚人地
stringent,嚴格的；嚴厲的
strongly,強烈地；極力地
struggle,競爭
stubborn,執拗的；固執的
stumble,絆倒；跌倒
stun,使暈眩；使吃驚
stunt,阻礙；妨礙
subdue,使服從 ; 克服
subject to,易受影響的；遭受影響的
submarine,水下的；海底的
submerge,浸沒；淹沒
submit,呈送；提交
subsequent,後來的
subsequently,隨後；後來
subside,平息；平靜
subsidiary,輔助機構；附屬機構
subsidize,資助；贊助
subsistence,生存能力
subsidy,生存 ; 存活
substance,物質
substantial,堅固的；結實的
substantiated,證實的
substitute,v.代替；n.替代物
substitute for,v.代替；n.替代物
subterranean,地下的
subtle,細微的
succeeding,接續的
successful,成功的；有成就的
successive,後續的
succinct,簡潔的；簡練的　
succumb,屈服；屈從
suddenly,突然地；意外地
sufficient,足夠的；充足的
suggest,提出；提議
suit,適合；適應
suitable,適宜的
sum,總數；總和
summit,頂點；極點
sumptuous,豪華的；奢侈的
supplant,取代；替代
supplement,補充品
supplement,補充，增加
supplemental,額外的
support,支援；支撐
supposedly,想像地；表面上
suppress,抑制；壓制
supremacy,至高無上；支配地位
supreme,最大的；極度的
sure,必然的；確定的
surge,浪潮；躍進
surge,急劇增加
surmise,推測；猜測
surpass,超越；勝過
surplus,剩餘的；額外的
surplus,盈餘
surround,包圍；環繞
survival,倖存；殘存
susceptible to,易受到襲擊的(影響的)
suspend,掛；懸掛
suspense,懸掛；意念
suspicious of,可疑的；多疑的
sustain,維持；繼續；遭受；蒙受
sustain,維持；維繫
sustenance,生計；食物
swarm,群集；湧進
sway,動搖；說服
sweat,出汗
swell,膨脹
swiftly,迅速地；敏捷地
swirl,旋轉；打旋
switch on,開啟
symmetrical,對稱的；勻稱的
symmetry,對稱；勻稱
symptom,徵兆；徵候
synthesis,綜合；合成
synthesize,綜合；結合
synthetic,人造的；合成的
synthetically,合成地；人造地
systematically,系統地；有序地
taboo,忌諱的；禁止的
tacitly,緘默的；默許的
tactic,戰術；策略
take into account,考慮 ; 重視
take off,起飛；離開
take place,出現；發生
tale,傳說；故事
tame,馴服；製服
tangible,實體的
tangled,纏結的；紊亂的
tantamount,相當於；相等於
tactic,戰術；策略
tap,開採
tardy,遲到的；遲的
task,工作；任務
taste,味道；味覺；愛好；興趣
tedious,使人厭煩的；冗長乏味的
teem with,充滿；富於
telling,有效的；有力的
temperate,適度的；溫和的；
tempting,誘人的
tenaciously,頑強地；不屈不撓地
tend,照顧；照料　趨向；傾向
tension,緊張
term,n.詞語；術語　v.稱作；叫做
term,n.詞語；術語　v.稱作；叫做
terminate,結束；終止
terrain,地域；地帶
terrestrial,陸上的；陸棲的
terrify,恐怖；驚嚇
terse,簡潔的；精練的
textile,紡織品；紡織原料
thanks to,由於；多虧
thatch,編織
thaw,融化；解凍
theme,題目；主題
thereby,由此；從而
therefore,因此；所以
think highly of,欽佩；羨慕
thorough,徹底的；完善的
threateningly,威脅地；恫嚇地
threshold,門檻
thrill,刺激；興奮
thrive,繁榮；興旺
thriving,繁榮的；興旺的
throughout,prep.始終　ad.到處
throw away,扔掉；放棄
thrust,突起；延伸
thus,於是 ; 因此
tidy,整齊的；整潔的
tier,（一）層；（一）排
till,耕耘 ; 翻土
timber,木材；木料
timid,膽怯的；怕人的
tiny,極小的；微小的
tiresome,令人厭倦的；使人疲勞的
tolerate,忍受；忍耐
topography,地勢 ; 地形
touching,動人的；感傷的
tough,堅韌的；頑強的
toxin,毒素
trace,痕跡；遺跡
trace,v.追蹤；聯繫　n.痕跡；遺跡
track,追蹤;偵測
trade,交換；交易
trade-off,妥協 ; 取捨
tradition,慣例；道統
trait,品性；特性
tranquil,安寧的；平靜的
tranquility,安寧；平靜
transform,改變
trap,抓住；止住
traumatic,創傷的
traverse,橫跨；穿過
treasure,珍藏；秘藏
tremendous,巨大的；驚人的
tremendously,巨大地；驚人地
trend,趨勢；趨向
tributary,支流
trigger,觸發；引起
trivial,微不足道的
troublesome,討厭的；厭煩的
truly,真正地；確實地
tumultuous,紛亂的
turbulent,洶湧的；狂暴的
turn down,拒絕；駁回
turn into,變成；成為
typical,典型的；有代表性的
typically,典型地；有代表性地
typify,代表，表現
ubiquitous,普遍存在的；無處不在的
ultimately,最終；終究
unattended,無人照管的；未被注意的
unbroken,未被中斷的；繼續不斷的
uncanny,不可思議的
unconsolidated,鬆散的
uncover,暴露；發掘
uncustomary,不普遍的；不平常的
undergo,經歷
undergoing,經歷　
underground,地下的；地面的
underlie,構成基礎
underlying,根本的；基礎的
underscore,強調
undertake,從事；進行
undisputed,無爭議的
undoubtedly,無疑地；肯定地
unemployed,失業的；未被僱佣的
unequivocally,明確地；不含糊地
unfavorable,負面的 ; 不受歡迎的
uniform,一致的；相同的
uniformly,一致地；始終如一地
unique,獨特的；無比的
universally,普遍地；一般地
unlike,不象；不同於
unlikely,不可能的；靠不住的
unmatched,無比的；無敵的
unprecedented,空前的
unpromising,不利的
unquestionably,毫無疑問地；無可非議地
unravel,解開；闡明
unrestrained,無控制的；無限制的
unrestricted,無限制的；自由的
unrivaled,無敵的；無比的
unsettling,令人困擾的
unskillfully,不熟練地；笨拙地
unstable,困擾的；不穩定的
unsubstantiated,未證實的；未核實的
unwieldy,笨拙的；不實用的
upgrade,改進；提升
upheaval,劇變；動盪
uphold,堅持；維持
upkeep,維修
upright,直立的；垂直的
upset,打擾；攪亂
upside-down,顛倒的
up-to-date,最近的；現代的
urge,極力主張；強烈要求
urged,催促，鼓勵
urgently,緊急地；急迫地
usually,通常地；慣常地
utilitarian,實用的
utter,說話；發聲
utterly,完全地；絕對地
vacant,空缺地；空虛地
vague,模糊的；不精確的;簡單的
valuable,寶貴的；有價值的
valued,寶貴的；珍貴的
variable,變量；原素
variation,變化；變動
various,不同的
vary,變化；改變
vast,巨大的；廣闊的
vehicle,遠載工具
vein,靜脈；血管
velocity,速度；速率
veneration,尊敬；崇拜
venom,毒液；毒藥
venomous,有毒的；有害的
ventilation,通風；通氣
venture,冒險；冒險行動
verdict,裁決；決定
verge,瀕臨
verify,證實；核實
versatile,多方適用的；多才多藝的
very closely,親密；密切
vessel,船；艦
vestige,遺跡；殘餘
vexing,困難的
via,透過；經由
viability,生存能力
viable,可行的
vibrant,有活力的；明亮的
vicinity,近處；近鄰
vie for,競爭；對抗
view,觀點；見解
vigorous,強力的 ; 積極的
vigorously,強有力地
virtual,幾乎
virtually,實際上　幾乎
vital,極其重要的；必不可少的
vitality,活力
vivid,鮮豔的；鮮明的
visible,可以看到的
vocal,有聲的；人聲的
vocation,行業
vogue,時髦；時尚
void,無效的；作廢的
volunteer,自願從事；自願提供
voyage,航行；航程
vulnerable,易受影響的
wage,工資；報酬
wane,衰退；沒落；減小；變弱
ward off,擋住；避開
warily,謹慎地；警惕地
warn,警戒；警告
warrior,戰士；鬥士
wave,浪潮；高潮
weaken,減弱；沖淡
wear away,磨損；消逝
wear out,損耗；磨損
weariness,疲乏；厭倦
weary,疲乏的；厭倦的
weave,編織；織編
wedge,嵌入；塞入
weight,重量；體重
weirdly,不可思議地；奇特地
well-being,福利；福祉
well-known,著名的；有名的
whether,是否
while,而；然而
whole,全部的；整個的
wholeheartedly,全神貫注地；一心一意地
wholesome,有益健康的
wide,廣泛的；普遍的
widely,廣泛地；普遍地
widespread,廣泛的；普遍的
wild,野生的；未馴服的
wildly,狂暴地；猛烈地
will,意志；決心
win,獲得；博得
wind up,結束
wipe out,毀滅；消滅
with respect to,關於
withdraw from,撤退；退出
wither,枯萎；凋謝
withhold,扣留；保留
within,在．．．裡面；在．．．以內
withstand,忍受 ; 承受
witness,目睹；目擊
witty,機智的；詼諧的
wobble,搖擺；晃動
worldwide,全球性的；世界性的
worship,崇拜；尊敬
yearly,每年的；年度的
yeast,酵母菌
yield,產量
yield,生長；出產
zenith,頂點；頂峰
